account_id,name,category,category_id_maxweb,commissionplanname,commissionplantype,avg_ltv,avg_payout,epc_alltime,conversion_rate_alltime,refundrate_alltime,visitors_alltime,trending,negative_score,positive_score,flag_approved,auto_approve,company_website,product_image,codename,rr_record_id,cartproductname,resources_link,restrictions_link,manage_link
12531,South Beach Collagen Filler Serum Adv,Skin/Beauty and Anti-Aging,294,"0% Frontend, 0% Backend",backend,49.95,100,1,1,0,10,0.02,0,0,2,0,https://www.sf88trk.com/4RQSJ/2LS592/,https://cdn.softwareprojects.com/productimages/12531/3/collage_se_ks_iyu_p_g_resized160.png,south_beach_collagen_filler_serum_adv,3,South Beach Collagen Filler Serum Adv,,,
12530,DentaBiome,Dental/Gum Health,406,"0% Frontend, 0% Backend",backend,79,160,1,1,0,3438,6.88,0,0,2,0,https://getdentabiome.me/discovery,https://cdn.softwareprojects.com/productimages/12530/3/de_ahhwi6v_p_g_resized160.png,dentabiome,3,DentaBiome,https://affiliates-backoffice.maxweb.com/app#resources/12530/campaigns,https://affiliates-backoffice.maxweb.com/app#offer-details/12530/DentaBiome,https://affiliates-backoffice.maxweb.com/app#sales-by-product/12530/DentaBiome
12529,GL Control,Diabetes,442,"0% Frontend, 0% Backend",backend,69,125,1,1,0,2464,4.93,0,0,2,0,https://secure.glcontrol.com/index-vsl-cf,https://cdn.softwareprojects.com/productimages/12529/3/glj3kqsq_p_g_resized160.png,gl_control,3,GL Control,https://affiliates-backoffice.maxweb.com/app#resources/12529/campaigns,https://affiliates-backoffice.maxweb.com/app#offer-details/12529/GL%20Control,https://affiliates-backoffice.maxweb.com/app#sales-by-product/12529/GL%20Control
12525,Nervora,Nerve Health,398,"0% Frontend, 0% Backend",backend,69,200,1,1,0,860,1.72,0,0,2,0,https://nervescience.net/,https://cdn.softwareprojects.com/productimages/12525/3/_e_vo_a0ka_j_p_g_resized160.png,nervora,3,Nervora,,,
12523,Brain Memory Keeper,Brain Health/Memory,414,"0% Frontend, 0% Backend",backend,69,130,2.69,1.76,0,135,0.27,0,0,2,1,https://brainmemorykeeper.elasticpages.co/vsl,https://cdn.softwareprojects.com/productimages/12523/3/b_aimemo_yh0w_pc_p_g_resized160.png,brain_memory_keeper,3,Brain Memory Keeper,,,
12489,Flexigenics,Joint Supplement,462,"0% Frontend, 0% Backend",backend,69,115,3,2.6,0,909,1.82,0,0,2,0,https://theflexigenics.com/video.php,https://cdn.softwareprojects.com/productimages/12489/3/flexige_ics4s9g_s_p_g_resized160.png,flexigenics,3,Flexigenics,https://affiliates-backoffice.maxweb.com/app#resources/12489/campaigns,https://affiliates-backoffice.maxweb.com/app#offer-details/12489/Flexigenics,https://affiliates-backoffice.maxweb.com/app#sales-by-product/12489/Flexigenics
12488,Make America Slim Again,Weight Loss,382,"0% Frontend, 0% Backend",backend,79,160,3,2,0,6014,12.03,0,0,2,0,https://makeamerica-slimagain.com/video.php,https://cdn.softwareprojects.com/productimages/12488/3/makeame_icagadaxu_p_g_resized160.png,make_america_slim_again,3,Make America Slim Again,https://affiliates-backoffice.maxweb.com/app#resources/12488/campaigns,https://affiliates-backoffice.maxweb.com/app#offer-details/12488/Make%20America%20Slim%20Again,https://affiliates-backoffice.maxweb.com/app#sales-by-product/12488/Make%20America%20Slim%20Again
12467,CBD Sports Cream VSL,CBD,250,"0% Frontend, 0% Backend",backend,79,50,1,1,0,93,0.19,0,0,2,0,https://wellness-collections.com/lead-1/,https://cdn.softwareprojects.com/productimages/12467/3/cbd9lykvq_p_g_resized160.png,cbd_sports_cream_vsl,3,CBD Sports Cream VSL,https://affiliates-backoffice.maxweb.com/app#resources/12467/campaigns,https://affiliates-backoffice.maxweb.com/app#offer-details/12467/CBD%20Sports%20Cream%20VSL,https://affiliates-backoffice.maxweb.com/app#sales-by-product/12467/CBD%20Sports%20Cream%20VSL
12455,RhythmONE VSL,Brain Health/Memory,414,"0% Frontend, 0% Backend",backend,69,130,1,1,0,4121,8.24,0,0,2,0,https://rhythmoneprotocol.com/go/indexvs.php,https://cdn.softwareprojects.com/productimages/12455/3/_hyih3do2_p_g_resized160.png,rhythmone_vsl,3,RhythmONE VSL,https://affiliates-backoffice.maxweb.com/app#resources/12455/campaigns,https://affiliates-backoffice.maxweb.com/app#offer-details/12455/RhythmONE%20VSL,https://affiliates-backoffice.maxweb.com/app#sales-by-product/12455/RhythmONE%20VSL
12422,Gamma Game,Health Digital,246,"0% Frontend, 0% Backend",backend,39,0,0.17,2.3,0,120,0.24,0,0,2,0,https://gammagameoriginal.com/video/,https://cdn.softwareprojects.com/productimages/12422/3/comp_s4im93jy8o_p_g_resized160.png,gamma_game,3,Gamma Game,https://affiliates-backoffice.maxweb.com/app#resources/12422/campaigns,https://affiliates-backoffice.maxweb.com/app#offer-details/12422/Gamma%20Game,https://affiliates-backoffice.maxweb.com/app#sales-by-product/12422/Gamma%20Game
12388,Luminara Rewind Ecom,Skin/Beauty and Anti-Aging,294,"0% Frontend, 0% Backend",backend,50,110,1,1,0,452,0.9,0,0,2,0,https://my.getluminaraskin.com/1,https://cdn.softwareprojects.com/productimages/12388/3/lumi_a_avw_cyz_p_g_resized160.png,luminara_rewind_ecom,3,Luminara Rewind Ecom,,,
12387,Luminara Rewind VSL,Skin/Beauty and Anti-Aging,294,"0% Frontend, 0% Backend",backend,71,140,1,1,0,1380,2.76,0,0,2,0,https://skinsolutionstoday.com/vsl/v1/,https://cdn.softwareprojects.com/productimages/12387/3/lumi_a_akaiwac_p_g_resized160.png,luminara_rewind_vsl,3,Luminara Rewind VSL,,,
12381,Vigor Peak,Men's Health,370,"0% Frontend, 0% Backend",backend,79,0,1,1,0,2107,4.21,0,0,2,0,https://vigorpeak.online/digivigor/,https://cdn.softwareprojects.com/productimages/12381/3/po_e_vigo_pj35jm_p_g_resized160.png,vigor_peak,3,Vigor Peak,,,
12380,LungZen,Lung Health,474,"0% Frontend, 0% Backend",backend,79,130,2.97,2.12,0,2062,4.12,0,0,2,1,https://lungzen.com/buygoods/pv/,https://cdn.softwareprojects.com/productimages/12380/3/ki_1_7fsc_p_g_resized160.png,lungzen,3,LungZen,https://affiliates-backoffice.maxweb.com/app#resources/12380/campaigns,https://affiliates-backoffice.maxweb.com/app#offer-details/12380/LungZen,https://affiliates-backoffice.maxweb.com/app#sales-by-product/12380/LungZen
12356,Matsato Osuren Chef Knife,Ecomm,262,"0% Frontend, 0% Backend",backend,49.99,37,1,1,0,767,1.46,0,0,2,0,https://get-matsato-osuren.com/,https://cdn.softwareprojects.com/productimages/12356/3/p_oduc_0a67l_p_g_resized160.png,matsato_osuren_chef_knife,3,Matsato Osuren Chef Knife,https://affiliates-backoffice.maxweb.com/app#resources/12356/campaigns,https://affiliates-backoffice.maxweb.com/app#offer-details/12356/Matsato%20Osuren%20Chef%20Knife,https://affiliates-backoffice.maxweb.com/app#sales-by-product/12356/Matsato%20Osuren%20Chef%20Knife
12296,Myco-Max,Brain Health/Memory,414,"0% Frontend, 0% Backend",backend,79.95,145,1,1,0,4526,8.64,0,0,2,0,https://partners.primalforce.net/sp/myco-max-memory/,https://cdn.softwareprojects.com/productimages/12296/3/mycomaxauodmx_p_g_resized160.png,myco_max,3,Myco-Max,https://affiliates-backoffice.maxweb.com/app#resources/12296/campaigns,https://affiliates-backoffice.maxweb.com/app#offer-details/12296/Myco-Max,https://affiliates-backoffice.maxweb.com/app#sales-by-product/12296/Myco-Max
12295,Nervixol,Nerve Health,398,"0% Frontend, 0% Backend",backend,69,80,1,1,0,2515,4.11,0,0,2,0,https://nervixol365.net/ds/video-2sf/,https://cdn.softwareprojects.com/productimages/12295/3/_e_viez4ylk_p_g_resized160.png,nervixol,3,Nervixol,,,
12272,ViriFlow,Men's Health,370,"0% Frontend, 0% Backend",backend,79,165,2.97,2.11,0,13960,17.32,0,0,2,0,https://theviriflow.com/video.php,https://cdn.softwareprojects.com/productimages/12272/3/bo_lezmzssb_p_g_resized160.png,viriflow,3,ViriFlow,https://affiliates-backoffice.maxweb.com/app#resources/12272/campaigns,https://affiliates-backoffice.maxweb.com/app#offer-details/12272/ViriFlow,https://affiliates-backoffice.maxweb.com/app#sales-by-product/12272/ViriFlow
12271,VisiFlora,Vision,402,"0% Frontend, 0% Backend",backend,79,150,4.2,2.85,0,22732,33.11,0,0,2,1,https://tryvisiflora.com/eyetox/,https://cdn.softwareprojects.com/productimages/12271/3/ba_e_img_szjhy_p_g_resized160.png,visiflora,3,VisiFlora,https://affiliates-backoffice.maxweb.com/app#resources/12271/campaigns,https://affiliates-backoffice.maxweb.com/app#offer-details/12271/VisiFlora,https://affiliates-backoffice.maxweb.com/app#sales-by-product/12271/VisiFlora
12263,Soulmate Sketch,General,222,"0% Frontend, 0% Backend",backend,37,0,2,3,0,113,0.04,0,0,2,0,https://aff-tinaaldea.com/,https://cdn.softwareprojects.com/productimages/12263/3/imageayvczg_jpg_resized160.jpg,soulmate_sketch,3,Soulmate Sketch,https://affiliates-backoffice.maxweb.com/app#resources/12263/campaigns,https://affiliates-backoffice.maxweb.com/app#offer-details/12263/Soulmate%20Sketch,https://affiliates-backoffice.maxweb.com/app#sales-by-product/12263/Soulmate%20Sketch
12262,Proverbs Profits,Money Making,234,"0% Frontend, 0% Backend",backend,67,75,2,3,0,302,0.38,0,0,2,0,https://earnwithgod.com/discover/,https://cdn.softwareprojects.com/productimages/12262/3/pp_mockupjgihp_p_g_resized160.png,proverbs_profits,3,Proverbs Profits,,,
12242,HormoneFlux,Health Supplement,282,"0% Frontend, 0% Backend",backend,77,135,1,1,0,4117,4.13,0,0,2,0,https://hormoneflux.com/,https://cdn.softwareprojects.com/productimages/12242/3/1b_m_4u_p_g_resized160.png,hormoneflux,3,HormoneFlux,https://affiliates-backoffice.maxweb.com/app#resources/12242/campaigns,https://affiliates-backoffice.maxweb.com/app#offer-details/12242/HormoneFlux,https://affiliates-backoffice.maxweb.com/app#sales-by-product/12242/HormoneFlux
12236,NerveVitali,Nerve Health,398,"0% Frontend, 0% Backend",backend,79,150,2.75,2.06,0,3857,6.28,0,0,2,1,https://nervevitali.com/buygoods/vsl/01/ld01/,https://cdn.softwareprojects.com/productimages/12236/3/ki_3dgblgd_p_g_resized160.png,nervevitali,3,NerveVitali,,,
12235,GutVitali,Gut Health,410,"0% Frontend, 0% Backend",backend,79,130,2.86,2.15,0,1904,3.2,0,0,2,1,https://gutvitali.com/buygoods/vsl/02/ld01/,https://cdn.softwareprojects.com/productimages/12235/3/i_oduc_i_gj_uaek_p_g_resized160.png,gutvitali,3,GutVitali,,,
12234,VitaliSlim,Weight Loss,382,"0% Frontend, 0% Backend",backend,79,165,2.95,2.13,0,4461,6.79,0,0,2,1,https://vitalislim.com/buygoods/vsl/01/ld01/,https://cdn.softwareprojects.com/productimages/12234/3/ki_1lcxfix_p_g_resized160.png,vitalislim,3,VitaliSlim,,,
12231,StoffwechselBalance,Gut Health,410,"0% Frontend, 0% Backend",backend,79,0,1,1,0,1207,2.17,0,0,2,0,https://wl-ger-pv.pages.dev/,https://cdn.softwareprojects.com/productimages/12231/3/s_offwechselbala_cevjauwh_p_g_resized160.png,stoffwechselbalance,3,StoffwechselBalance,,,
12230,MemoireClarte,Brain Health/Memory,414,"0% Frontend, 0% Backend",backend,79,0,1,1,0,1370,2.3,0,0,2,0,https://memoireclartepvdigi-fr.pages.dev/,https://cdn.softwareprojects.com/productimages/12230/3/memoi_ecla_e7mqc9k_p_g_resized160.png,memoireclarte,3,MemoireClarte,,,
12229,MetabolActif,Weight Loss,382,"0% Frontend, 0% Backend",backend,79,0,1,1,0,34,0.01,0,0,2,0,https://metabolactifpvdigi-fr.pages.dev/,https://cdn.softwareprojects.com/productimages/12229/3/me_abolac_ifipb_5k_p_g_resized160.png,metabolactif,3,MetabolActif,,,
12228,VitalkraftMann,Men's Health,370,"0% Frontend, 0% Backend",backend,79,0,1,1,0,1716,3.16,0,0,2,0,https://ed-ger-pv.pages.dev/,https://cdn.softwareprojects.com/productimages/12228/3/vi_alk_af_ma_bhy_kj_p_g_resized160.png,vitalkraftmann,3,VitalkraftMann,,,
12227,VigueurActive,Men's Health,370,"0% Frontend, 0% Backend",backend,79,0,1,1,0,1649,2.81,0,0,2,0,https://vigueuractivepvdigi-fr.pages.dev/,https://cdn.softwareprojects.com/productimages/12227/3/vigueu_ac_ivem_ccxh_p_g_resized160.png,vigueuractive,3,VigueurActive,,,
12226,VitaSana Collections,Health Supplement,282,"0% Frontend, 0% Backend",backend,69,140,1.4,1,0,1417,2.38,0,0,2,1,https://pronutraquest.com/8-products-pdp,https://cdn.softwareprojects.com/productimages/12226/3/collec_io_jscm6o_p_g_resized160.png,vitasana_collections,3,VitaSana Collections,,,
12225,VigorSana,Men's Health,370,"0% Frontend, 0% Backend",backend,69,140,1.4,1,0,2268,3.84,0,0,2,1,https://myvigorsana.com/vigorsana-pdp-fe,https://cdn.softwareprojects.com/productimages/12225/3/vigo_sa_a94l_u_p_g_resized160.png,vigorsana,3,VigorSana,,,
12224,NerveSana,Nerve Health,398,"0% Frontend, 0% Backend",backend,69,140,1.4,1,0,2366,3.76,0,0,2,1,https://nervesana.com/nervesana-pdp-fe,https://cdn.softwareprojects.com/productimages/12224/3/_e_vesa_ajj_p1_p_g_resized160.png,nervesana,3,NerveSana,,,
12223,GlucoSana,Diabetes,366,"0% Frontend, 0% Backend",backend,69,140,1.4,1,0,2366,3.93,0,0,2,1,https://myglucosana.com/glucosana-pdp-fe,https://cdn.softwareprojects.com/productimages/12223/3/glucosa_a_ghh4b_p_g_resized160.png,glucosana,3,GlucoSana,,,
12222,CleanseSana,Gut Health,410,"0% Frontend, 0% Backend",backend,69,140,1.4,1,0,1664,2.51,0,0,2,1,https://cleansesana.com/cleansesana-pdp-fe,https://cdn.softwareprojects.com/productimages/12222/3/clea_sesa_avgsm33_p_g_resized160.png,cleansesana,3,CleanseSana,,,
12221,MetaboSana,Weight Loss,382,"0% Frontend, 0% Backend",backend,69,140,1.4,1,0,3131,4.66,0,0,2,1,https://metabosana.com/metabosana-pdp-fe,https://cdn.softwareprojects.com/productimages/12221/3/me_abosa_a6v2fzk_p_g_resized160.png,metabosana,3,MetaboSana,,,
12218,EloMaas,Men's Health,370,"0% Frontend, 0% Backend",backend,69,140,1,1,0,22649,25.12,0,0,2,0,https://getelomaas.com/b/watch-live.php,https://cdn.softwareprojects.com/productimages/12218/3/dsd_ezgigiv5ie_p_g_resized160.png,elomaas,3,EloMaas,https://affiliates-backoffice.maxweb.com/app#resources/12218/campaigns,https://affiliates-backoffice.maxweb.com/app#offer-details/12218/EloMaas,https://affiliates-backoffice.maxweb.com/app#sales-by-product/12218/EloMaas
12217,Pulmo Balance,Lung Health,474,"0% Frontend, 0% Backend",backend,79,135,1,1,0,4560,3.3,0,0,2,0,https://lungreborn.com/b/report.php,https://cdn.softwareprojects.com/productimages/12217/3/dsd3w5g6v_p_g_resized160.png,pulmo_balance,3,Pulmo Balance,https://affiliates-backoffice.maxweb.com/app#resources/12217/campaigns,https://affiliates-backoffice.maxweb.com/app#offer-details/12217/Pulmo%20Balance,https://affiliates-backoffice.maxweb.com/app#sales-by-product/12217/Pulmo%20Balance
12190,TitanSchub,Men's Health,370,"0% Frontend, 0% Backend",backend,79,0,1,1,0,6144,8.15,0,0,2,0,https://www.gotitanschub.com/tsl-alm,https://cdn.softwareprojects.com/productimages/12190/3/fekcbc79ysjfp7_p_g_resized160.png,titanschub,3,TitanSchub,,,
12171,Clima Mini Heater German TSL,Ecomm,262,"0% Frontend, 0% Backend",backend,79.99,90,2.96,1.64,0,1200,0.71,0,0,2,1,https://bg.climaofficial.com/heater/v1-de.html,https://cdn.softwareprojects.com/productimages/12171/3/compa_eb_u_z6_p_g_resized160.png,clima_mini_heater_german_tsl,3,Clima Mini Heater German TSL,,,
12170,Clima Mini Heater Spanish TSL,Ecomm,262,"0% Frontend, 0% Backend",backend,79.99,90,2.65,1.54,0,667,0.34,0,0,2,1,https://bg.climaofficial.com/heater/v1-es.html,https://cdn.softwareprojects.com/productimages/12170/3/compa_eqkd4ki_p_g_resized160.png,clima_mini_heater_spanish_tsl,3,Clima Mini Heater Spanish TSL,,,
12169,Clima Mini Heater,Ecomm,262,"0% Frontend, 0% Backend",backend,79.99,90,2.54,3.19,0,77,0.02,0,0,2,1,https://bg.climaofficial.com/heater/reviewsvsl.html,https://cdn.softwareprojects.com/productimages/12169/3/compa_ezq6p0d_p_g_resized160.png,clima_mini_heater,3,Clima Mini Heater,,,
12166,Nail Refresh,Fungus,390,"0% Frontend, 0% Backend",backend,69,130,1,1,0,46817,39.72,0,0,2,0,,https://cdn.softwareprojects.com/productimages/12166/3/_ail6d5_by_p_g_resized160.png,nail_refresh,3,Nail Refresh,https://affiliates-backoffice.maxweb.com/app#resources/12166/campaigns,https://affiliates-backoffice.maxweb.com/app#offer-details/12166/Nail%20Refresh,https://affiliates-backoffice.maxweb.com/app#sales-by-product/12166/Nail%20Refresh
12163,Gelatine Sculpt,Weight Loss,382,"0% Frontend, 0% Backend",backend,79,170,3.43,2.63,0,50598,57.54,0,0,2,0,https://gelatinesculpt.com/gst-lp-buy-aff/,https://cdn.softwareprojects.com/productimages/12163/3/he_o_ygmfx_p_g_resized160.png,gelatine_sculpt,3,Gelatine Sculpt,,,
12154,KetoSana,Weight Loss,382,"0% Frontend, 0% Backend",backend,69,140,1.4,1,0,540,0.39,0,0,2,0,,https://cdn.softwareprojects.com/productimages/12154/3/_mpsq4hqi9_p_g_resized160.png,ketosana,3,KetoSana,,,
12139,Mycotraxin,Fungus,390,"0% Frontend, 0% Backend",backend,69,220,1,1,0,15103,10.51,0,0,2,0,,https://cdn.softwareprojects.com/productimages/12139/3/mycoy_x_g9_p_g_resized160.png,mycotraxin,3,Mycotraxin,,,
12137,Dentolyn,Dental/Gum Health,406,"0% Frontend, 0% Backend",backend,69,120,0.78,0.48,0,6347,5.05,0,0,2,0,https://dentolyn.com/go/indexvs.php,https://cdn.softwareprojects.com/productimages/12137/3/de_o_qbaol_p_g_resized160.png,dentolyn,3,Dentolyn,https://affiliates-backoffice.maxweb.com/app#resources/12137/campaigns,https://affiliates-backoffice.maxweb.com/app#offer-details/12137/Dentolyn,https://affiliates-backoffice.maxweb.com/app#sales-by-product/12137/Dentolyn
12119,Spartamax ,Men's Health,370,"0% Frontend, 0% Backend",backend,69,145,2,1.38,0,27377,14.75,0,0,2,0,https://GetSpartamax.com/indexcb.php,https://cdn.softwareprojects.com/productimages/12119/3/spa_amaxcqpw_g_p_g_resized160.png,spartamax_,3,Spartamax ,https://affiliates-backoffice.maxweb.com/app#resources/12119/campaigns,https://affiliates-backoffice.maxweb.com/app#offer-details/12119/Spartamax%20,https://affiliates-backoffice.maxweb.com/app#sales-by-product/12119/Spartamax%20
12118,Blood Sugar Balance Protocol,Health Digital,246,"0% Frontend, 0% Backend",backend,49,65,1.8,1.3,0,40,0.02,0,0,2,0,https://type2protocol.com/bg,https://cdn.softwareprojects.com/productimages/12118/3/memo_y_wave_p_oduc_digisp_xbb_p_g_resized160.png,blood_sugar_balance_protocol,3,Blood Sugar Balance Protocol,,,
12117,Synevra UltraLift,Skin/Beauty and Anti-Aging,294,"0% Frontend, 0% Backend",backend,79,140,3.85,2.75,0,33296,14.63,0,0,2,0,https://trysynevra.com/parqui-vida2/,https://cdn.softwareprojects.com/productimages/12117/3/s_a_e_p_oduc_kpeuwl_p_g_resized160.png,synevra_ultralift,3,Synevra UltraLift,https://affiliates-backoffice.maxweb.com/app#resources/12117/campaigns,https://affiliates-backoffice.maxweb.com/app#offer-details/12117/Synevra%20UltraLift,https://affiliates-backoffice.maxweb.com/app#sales-by-product/12117/Synevra%20UltraLift
12102,MemoryVitali TSL,Brain Health/Memory,414,"0% Frontend, 0% Backend",backend,79,165,1.95,1.72,0,16758,10.12,0,0,2,1,,https://cdn.softwareprojects.com/productimages/12102/7/_ou_de15ki_65_qwxg_p_g_resized160.png,memoryvitali_tsl,7,MemoryVitali TSL,,,
12074,Genius Song Adv,Health Digital,246,"0% Frontend, 0% Backend",backend,39,40,1,1,0,35352,38.39,0,0,2,0,https://forgeniuswave.com/video/,https://cdn.softwareprojects.com/productimages/12074/3/vsls2bxp_d0qzea_p_g_resized160.png,genius_song_adv,3,Genius Song Adv,https://affiliates-backoffice.maxweb.com/app#resources/12074/campaigns,https://affiliates-backoffice.maxweb.com/app#offer-details/12074/Genius%20Song%20Adv,https://affiliates-backoffice.maxweb.com/app#sales-by-product/12074/Genius%20Song%20Adv
12054,Nitric Boost V2,Men's Health,370,"0% Frontend, 0% Backend",backend,79,165,2.97,1.65,0,73833,59.55,0,0,2,0,https://getnitricboost.com/t2/discovery,https://cdn.softwareprojects.com/productimages/12054/3/_i_ic_boos42giad_p_g_resized160.png,nitric_boost_v2,3,Nitric Boost V2,https://affiliates-backoffice.maxweb.com/app#resources/12054/campaigns,https://affiliates-backoffice.maxweb.com/app#offer-details/12054/Nitric%20Boost%20V2,https://affiliates-backoffice.maxweb.com/app#sales-by-product/12054/Nitric%20Boost%20V2
12053,TestoTonic,Men's Health,370,"0% Frontend, 0% Backend",backend,69,120,2,1.9,0,17306,8.11,0,0,2,0,https://testosupporttips.com/lp,https://cdn.softwareprojects.com/productimages/12053/3/1b_mdozdkue_p_g_resized160.png,testotonic,3,TestoTonic,https://affiliates-backoffice.maxweb.com/app#resources/12053/campaigns,https://affiliates-backoffice.maxweb.com/app#offer-details/12053/TestoTonic,https://affiliates-backoffice.maxweb.com/app#sales-by-product/12053/TestoTonic
12051,Skincare Protocol,Skin/Beauty and Anti-Aging,294,"0% Frontend, 0% Backend",backend,59,40,2,5,0,524,0.22,0,0,2,0,https://skincareprotocol.com/,https://cdn.softwareprojects.com/productimages/12051/3/c_opped_cove_02bhlmlq_p_g_resized160.png,skincare_protocol,3,Skincare Protocol,https://affiliates-backoffice.maxweb.com/app#resources/12051/campaigns,https://affiliates-backoffice.maxweb.com/app#offer-details/12051/Skincare%20Protocol,https://affiliates-backoffice.maxweb.com/app#sales-by-product/12051/Skincare%20Protocol
12050,GLPro,Diabetes,366,"0% Frontend, 0% Backend",backend,79,150,3.94,2.45,0,47264,27.75,0,0,2,0,https://tryglpro.com/glp1,https://cdn.softwareprojects.com/productimages/12050/3/2_ezgif2_s1oj_p_g_resized160.png,glpro,3,GLPro,https://affiliates-backoffice.maxweb.com/app#resources/12050/campaigns,https://affiliates-backoffice.maxweb.com/app#offer-details/12050/GLPro,https://affiliates-backoffice.maxweb.com/app#sales-by-product/12050/GLPro
12044,HeroUP,,0,"0% Frontend, 0% Backend",backend,69,165,2.61,1.58,0,21297,9.61,0,0,2,0,,https://cdn.softwareprojects.com/productimages/12044/3/ga_a_ia_ezgifv1x_wy_p_g_resized160.png,heroup,3,HeroUP,,,
12020,Energy Revolution System,Survival,270,"0% Frontend, 0% Backend",backend,39,40,2.6,3,0,21373,3.85,0,0,2,0,https://theenergyrevolution.net/index-ers-auto-lead-39-promise.html,https://cdn.softwareprojects.com/productimages/12020/3/e_s_cove_bu_dlewcc58a_p_g_resized160.png,energy_revolution_system,3,Energy Revolution System,https://affiliates-backoffice.maxweb.com/app#resources/12020/campaigns,https://affiliates-backoffice.maxweb.com/app#offer-details/12020/Energy%20Revolution%20System,https://affiliates-backoffice.maxweb.com/app#sales-by-product/12020/Energy%20Revolution%20System
12013,MemoryFuel,Brain Health/Memory,414,"0% Frontend, 0% Backend",backend,69,120,1,1,0,28164,7.95,0,0,2,0,https://thememoryfuel.com/go/indexvs2.php,https://cdn.softwareprojects.com/productimages/12013/3/memo_yfuel09jhyb_p_g_resized160.png,memoryfuel,3,MemoryFuel,https://affiliates-backoffice.maxweb.com/app#resources/12013/campaigns,https://affiliates-backoffice.maxweb.com/app#offer-details/12013/MemoryFuel,https://affiliates-backoffice.maxweb.com/app#sales-by-product/12013/MemoryFuel
12009,RespiFlo,General,222,"0% Frontend, 0% Backend",backend,69,170,3,1.8,0,15435,12.43,0,0,2,0,https://respiflo.com/,https://cdn.softwareprojects.com/productimages/12009/3/ba_e_p_od56viad_p_g_resized160.png,respiflo,3,RespiFlo,,,
11999,Mobile Profits,Money Making,234,"0% Frontend, 0% Backend",backend,47,65,0.8,1.23,0,12103,4.85,0,0,2,0,https://mobileprofits.co/journeys,https://cdn.softwareprojects.com/productimages/11999/3/logo_mobileduqdgp_p_g_resized160.png,mobile_profits,3,Mobile Profits,,,
11993,SlimSana,Weight Loss,382,"0% Frontend, 0% Backend",backend,69,140,2.82,2.02,0,858,0.14,0,0,2,0,https://myslimsana.com/slimsana-vsl-fe,https://cdn.softwareprojects.com/productimages/11993/3/_mpqbbxslsh_p_g_resized160.png,slimsana,3,SlimSana,,,
11992,Neura,Brain Health/Memory,414,"0% Frontend, 0% Backend",backend,59,130,2.24,1.72,0,27295,21.47,0,0,2,0,https://neuraoriginal.com/video/,https://cdn.softwareprojects.com/productimages/11992/3/s1p_dy6_mh_p_g_resized160.png,neura,3,Neura,https://affiliates-backoffice.maxweb.com/app#resources/11992/campaigns,https://affiliates-backoffice.maxweb.com/app#offer-details/11992/Neura,https://affiliates-backoffice.maxweb.com/app#sales-by-product/11992/Neura
11991,Neural Revive,Health Digital,246,"0% Frontend, 0% Backend",backend,39,40,0.75,1.87,0,11869,12.21,0,0,2,0,https://getneuralrevive.com/video/,https://cdn.softwareprojects.com/productimages/11991/3/_eu_ald_szcg_p_g_resized160.png,neural_revive,3,Neural Revive,https://affiliates-backoffice.maxweb.com/app#resources/11991/campaigns,https://affiliates-backoffice.maxweb.com/app#offer-details/11991/Neural%20Revive,https://affiliates-backoffice.maxweb.com/app#sales-by-product/11991/Neural%20Revive
11990,Fuugu Dishwasher Tablets Product Page,Ecomm,262,"0% Frontend, 0% Backend",backend,49.95,16,0.38,1.93,0,320,0.03,0,0,2,0,https://get-fuugu.com/fuugu/product,https://cdn.softwareprojects.com/productimages/11990/3/p_oduc_2_f8mg09_p_g_resized160.png,fuugu_dishwasher_tablets_product_page,3,Fuugu Dishwasher Tablets Product Page,https://affiliates-backoffice.maxweb.com/app#resources/11990/campaigns,https://affiliates-backoffice.maxweb.com/app#offer-details/11990/Fuugu%20Dishwasher%20Tablets%20Product%20Page,https://affiliates-backoffice.maxweb.com/app#sales-by-product/11990/Fuugu%20Dishwasher%20Tablets%20Product%20Page
11975,BloodArmor,Diabetes,366,"0% Frontend, 0% Backend",backend,79,120,2.04,1.85,0,19848,3.47,0,0,2,1,https://bloodarmor.net/buygoods/vsl/03/ld01/,https://cdn.softwareprojects.com/productimages/11975/3/blooda_ah_ymj_p_g_resized160.png,bloodarmor,3,BloodArmor,https://affiliates-backoffice.maxweb.com/app#resources/11975/campaigns,https://affiliates-backoffice.maxweb.com/app#offer-details/11975/BloodArmor,https://affiliates-backoffice.maxweb.com/app#sales-by-product/11975/BloodArmor
11974,ProstaDefend,Men's Health,370,"0% Frontend, 0% Backend",backend,79,135,2.97,2.2,0,8177,3.02,0,0,2,0,https://prostakey.com/b/report.php,https://cdn.softwareprojects.com/productimages/11974/3/3bo_lesiohhqp_p_g_resized160.png,prostadefend,3,ProstaDefend,https://affiliates-backoffice.maxweb.com/app#resources/11974/campaigns,https://affiliates-backoffice.maxweb.com/app#offer-details/11974/ProstaDefend,https://affiliates-backoffice.maxweb.com/app#sales-by-product/11974/ProstaDefend
11971,ManForceX DTC,Men's Health,370,"0% Frontend, 0% Backend",backend,79,170,3.56,2.16,0,35014,12.26,0,0,2,1,,https://cdn.softwareprojects.com/productimages/11971/7/ma_fo_cex_kqp5d1vojzv_p_g_resized160.png,manforcex_dtc,7,,,,
11970,TrimX DTC,Weight Loss,382,"0% Frontend, 0% Backend",backend,79,170,3.46,2.1,0,64935,14.13,0,0,2,0,,https://cdn.softwareprojects.com/productimages/11970/7/_imv1adu5jam5xj_p_g_resized160.png,trimx_dtc,7,,,,
11969,Brainergy DTC,Brain Health/Memory,414,"0% Frontend, 0% Backend",backend,79,165,3.65,2.21,0,18523,1.18,0,0,2,0,,https://cdn.softwareprojects.com/productimages/11969/7/b_ai_e_e_gybocklg26e_7d_p_g_resized160.png,brainergy_dtc,7,,,,
11968,XenBurn,Ecomm,262,"0% Frontend, 0% Backend",backend,30,100,1.88,1.88,0,6644,2.66,0,0,2,0,https://buyxenburn.com/,https://cdn.softwareprojects.com/productimages/11968/3/xe_bu_xvmuc7_p_g_resized160.png,xenburn,3,XenBurn,,,
11952,Purisaki Foot Patches Product Page,Ecomm,262,"0% Frontend, 0% Backend",backend,34.99,26,0.44,1.69,0,14994,10.14,0,0,2,0,https://get-purisaki.com/purisaki/product,https://cdn.softwareprojects.com/productimages/11952/3/p_oduc_jyjapp_p_g_resized160.png,purisaki_foot_patches_product_page,3,Purisaki Foot Patches Product Page,https://affiliates-backoffice.maxweb.com/app#resources/11952/campaigns,https://affiliates-backoffice.maxweb.com/app#offer-details/11952/Purisaki%20Foot%20Patches%20Product%20Page,https://affiliates-backoffice.maxweb.com/app#sales-by-product/11952/Purisaki%20Foot%20Patches%20Product%20Page
11946,AlphaFuel Pro V2,Men's Health,370,"0% Frontend, 0% Backend",backend,64,160,4.67,2.92,0,175756,62.02,0,0,2,1,https://alphafuelpro.com/vsl/vsl236,https://cdn.softwareprojects.com/productimages/11946/3/alpha_k_gxz_p_g_resized160.png,alphafuel_pro_v2,3,AlphaFuel Pro V2,https://affiliates-backoffice.maxweb.com/app#resources/11946/campaigns,https://affiliates-backoffice.maxweb.com/app#offer-details/11946/AlphaFuel%20Pro%20V2,https://affiliates-backoffice.maxweb.com/app#sales-by-product/11946/AlphaFuel%20Pro%20V2
11945,AlphaFuel Pro,Men's Health,370,"0% Frontend, 0% Backend",backend,69,120,3.5,2.92,0,21769,8.45,0,0,2,1,https://alphafuelpro.com/vsl/vsl136,https://cdn.softwareprojects.com/productimages/11945/3/alphaygigci_p_g_resized160.png,alphafuel_pro,3,AlphaFuel Pro,https://affiliates-backoffice.maxweb.com/app#resources/11945/campaigns,https://affiliates-backoffice.maxweb.com/app#offer-details/11945/AlphaFuel%20Pro,https://affiliates-backoffice.maxweb.com/app#sales-by-product/11945/AlphaFuel%20Pro
11931,PrimalTRT,Men's Health,370,"0% Frontend, 0% Backend",backend,59.92,145,2.58,1.78,0,17513,4.48,0,0,2,0,https://www.freeprimaltrt.com/lp-1/index.php,https://cdn.softwareprojects.com/productimages/11931/3/2bo_lesqg_q7i_p_g_resized160.png,primaltrt,3,PrimalTRT,https://affiliates-backoffice.maxweb.com/app#resources/11931/campaigns,https://affiliates-backoffice.maxweb.com/app#offer-details/11931/PrimalTRT,https://affiliates-backoffice.maxweb.com/app#sales-by-product/11931/PrimalTRT
11923,Genius Brain Signal,General,222,"0% Frontend, 0% Backend",backend,37,0,0.45,1.42,8.68,9250,3.28,0,0,2,0,https://astralhq.com/genius-brain-signal/,https://cdn.softwareprojects.com/productimages/11923/3/ge_ius_b_ai_sig_al_mai_w_ipqc_p_g_resized160.png,genius_brain_signal,3,Genius Brain Signal,https://affiliates-backoffice.maxweb.com/app#resources/11923/campaigns,https://affiliates-backoffice.maxweb.com/app#offer-details/11923/Genius%20Brain%20Signal,https://affiliates-backoffice.maxweb.com/app#sales-by-product/11923/Genius%20Brain%20Signal
11922,SlimWave,General,222,"0% Frontend, 0% Backend",backend,47,0,0.55,1.38,0,792,0.14,0,0,2,0,https://tryslimwave.com/vsl/,https://cdn.softwareprojects.com/productimages/11922/3/slimwavevdz7pf_p_g_resized160.png,slimwave,3,SlimWave,,,
11921,Shifting Vibrations,General,222,"0% Frontend, 0% Backend",backend,47,0,0.56,1.4,0,401,0.01,0,0,2,0,https://astralhq.com/shifting-vibrations-manifest/,https://cdn.softwareprojects.com/productimages/11921/3/sized_shif_i_ggm32jd_p_g_resized160.png,shifting_vibrations,3,Shifting Vibrations,https://affiliates-backoffice.maxweb.com/app#resources/11921/campaigns,https://affiliates-backoffice.maxweb.com/app#offer-details/11921/Shifting%20Vibrations,https://affiliates-backoffice.maxweb.com/app#sales-by-product/11921/Shifting%20Vibrations
11920,Genesis Revival,Brain Health/Memory,414,"0% Frontend, 0% Backend",backend,69,120,2.36,1.97,0,15198,6.08,0,0,2,1,https://genesisrevival.com/go/indexvs.php,https://cdn.softwareprojects.com/productimages/11920/3/x1jjlm_p_p_g_resized160.png,genesis_revival,3,Genesis Revival,https://affiliates-backoffice.maxweb.com/app#resources/11920/campaigns,https://affiliates-backoffice.maxweb.com/app#offer-details/11920/Genesis%20Revival,https://affiliates-backoffice.maxweb.com/app#sales-by-product/11920/Genesis%20Revival
11915,Synadentix MW VSL,,0,"0% Frontend, 0% Backend",backend,79,165,3.27,1.98,0,14409,2.71,0,0,2,1,,https://cdn.softwareprojects.com/productimages/11915/11/p_od_2_bo_lesq6l6w5_p_g_resized160.png,synadentix_vsl,11,,,,
11914,GlycoMute Adv VSL,Diabetes,366,"0% Frontend, 0% Backend",backend,79,155,3.17,2.05,0,6724,1.23,0,0,2,0,https://sweetfend.com/b/report.php,https://cdn.softwareprojects.com/productimages/11914/3/2elsj_a_jpg_resized160.jpg,glycomute_adv_vsl,3,GlycoMute Adv VSL,https://affiliates-backoffice.maxweb.com/app#resources/11914/campaigns,https://affiliates-backoffice.maxweb.com/app#offer-details/11914/GlycoMute%20Adv%20VSL,https://affiliates-backoffice.maxweb.com/app#sales-by-product/11914/GlycoMute%20Adv%20VSL
11908,Vivalis,Men's Health,370,"0% Frontend, 0% Backend",backend,79,145,3.36,2.32,0,3707,0.44,0,0,2,0,https://govivalis.com/vsl-bg/,https://cdn.softwareprojects.com/productimages/11908/3/bo_le1_hpikq_p_g_resized160.png,vivalis,3,Vivalis,,,
11905,Menosoothe,Health Digital,246,"0% Frontend, 0% Backend",backend,69,125,2.62,2.1,0,6247,0.85,0,0,2,0,https://menosoothe.com/discovery,https://cdn.softwareprojects.com/productimages/11905/3/me_oo_imupu_p_g_resized160.png,menosoothe,3,Menosoothe,https://affiliates-backoffice.maxweb.com/app#resources/11905/campaigns,https://affiliates-backoffice.maxweb.com/app#offer-details/11905/Menosoothe,https://affiliates-backoffice.maxweb.com/app#sales-by-product/11905/Menosoothe
11897,PinealPure Adv,Brain Health/Memory,414,"0% Frontend, 0% Backend",backend,59,110,1.75,1.59,0,21552,21.93,0,0,2,0,https://pinealpure.com/go/indexts.php,https://cdn.softwareprojects.com/productimages/11897/3/ppwax7pq_p_g_resized160.png,pinealpure_adv,3,PinealPure Adv,https://affiliates-backoffice.maxweb.com/app#resources/11897/campaigns,https://affiliates-backoffice.maxweb.com/app#offer-details/11897/PinealPure%20Adv,https://affiliates-backoffice.maxweb.com/app#sales-by-product/11897/PinealPure%20Adv
11896,Mindquell,Brain Health/Memory,414,"0% Frontend, 0% Backend",backend,59,110,1.89,1.71,0,9829,0.47,0,0,2,0,https://themindquell.com/go/indexts.php,https://cdn.softwareprojects.com/productimages/11896/3/mi_dquellkhqcah_p_g_resized160.png,mindquell,3,Mindquell,https://affiliates-backoffice.maxweb.com/app#resources/11896/campaigns,https://affiliates-backoffice.maxweb.com/app#offer-details/11896/Mindquell,https://affiliates-backoffice.maxweb.com/app#sales-by-product/11896/Mindquell
11892,Dentavive Special CB,Dental/Gum Health,406,"0% Frontend, 0% Backend",backend,69,0,3.14,2.62,0,2808,1.04,0,0,2,0,https://truthaboutdental.com/vsl/vsl236,https://cdn.softwareprojects.com/productimages/11892/2/de_avives74b_obcuf8w_p_g_resized160.png,dentavive_special_cb,2,Dentavive Special CB,https://affiliates-backoffice.maxweb.com/app#resources/11892/campaigns,https://affiliates-backoffice.maxweb.com/app#offer-details/11892/Dentavive%20Special%20CB,https://affiliates-backoffice.maxweb.com/app#sales-by-product/11892/Dentavive%20Special%20CB
11891,NeuroXen,Brain Health/Memory,414,"0% Frontend, 0% Backend",backend,79,135,1.99,1.48,0,7826,0.5,0,0,2,0,https://buyneuroxen.com/,https://cdn.softwareprojects.com/productimages/11891/2/_eu_oxee8_fp5_p_g_resized160.png,neuroxen,2,NeuroXen,,,
11888,All Day Slimming Tea UK,Weight Loss,382,"0% Frontend, 0% Backend",backend,79,160,2.92,1.2,0,94,0.02,0,0,2,0,https://getalldayslimtea.com/vsl6,https://cdn.softwareprojects.com/productimages/11888/3/u_amedf0cm_i4wq8f_jpg_resized160.jpg,all_day_slimming_tea_uk,3,All Day Slimming Tea UK,https://affiliates-backoffice.maxweb.com/app#resources/11888/campaigns,https://affiliates-backoffice.maxweb.com/app#offer-details/11888/All%20Day%20Slimming%20Tea%20UK,https://affiliates-backoffice.maxweb.com/app#sales-by-product/11888/All%20Day%20Slimming%20Tea%20UK
11887,Direct Fund Center,Lead Gen,386,"0% Frontend, 0% Backend",backend,0.21,0,1.2,2.46,0,2863,0.67,0,0,2,0,https://www.directfundcenter.com/,https://cdn.softwareprojects.com/productimages/11887/3/di_ec_x7bg_g_p_g_resized160.png,direct_fund_center,3,Direct Fund Center,https://affiliates-backoffice.maxweb.com/app#resources/11887/campaigns,https://affiliates-backoffice.maxweb.com/app#offer-details/11887/Direct%20Fund%20Center,https://affiliates-backoffice.maxweb.com/app#sales-by-product/11887/Direct%20Fund%20Center
11884,Pineal Awakening,Brain Health/Memory,414,"0% Frontend, 0% Backend",backend,59,110,1.72,1.56,0,1960,0.53,0,0,2,0,https://thepinealawakening.com/go/indexvs3.php,https://cdn.softwareprojects.com/productimages/11884/3/pi_ealfs_7pl_p_g_resized160.png,pineal_awakening,3,Pineal Awakening,https://affiliates-backoffice.maxweb.com/app#resources/11884/campaigns,https://affiliates-backoffice.maxweb.com/app#offer-details/11884/Pineal%20Awakening,https://affiliates-backoffice.maxweb.com/app#sales-by-product/11884/Pineal%20Awakening
11878,OptiPlax,Vision,402,"0% Frontend, 0% Backend",backend,79,170,2.76,1.62,0,117789,4.88,0,0,2,0,https://theoptiplax.com/video.php,https://cdn.softwareprojects.com/productimages/11878/3/op_iplaxhjfl1h_p_g_resized160.png,optiplax,3,OptiPlax,https://affiliates-backoffice.maxweb.com/app#resources/11878/campaigns,https://affiliates-backoffice.maxweb.com/app#offer-details/11878/OptiPlax,https://affiliates-backoffice.maxweb.com/app#sales-by-product/11878/OptiPlax
11872,GingerFit,Weight Loss,382,"0% Frontend, 0% Backend",backend,79,0,2.42,1.86,0,6043,0.53,0,0,2,0,https://totalvitalityportal.site/vsl-gng1/,https://cdn.softwareprojects.com/productimages/11872/3/gi_ge_fi_2_vw1s8_p_g_resized160.png,gingerfit,3,GingerFit,https://affiliates-backoffice.maxweb.com/app#resources/11872/campaigns,https://affiliates-backoffice.maxweb.com/app#offer-details/11872/GingerFit,https://affiliates-backoffice.maxweb.com/app#sales-by-product/11872/GingerFit
11869,LipoJaro,Weight Loss,382,,,79,0,2.41,1.85,0,2590,0.17,0,0,2,0,https://healthy-future.site/vsl-wgv/,https://cdn.softwareprojects.com/productimages/11869/3/liposs2jea_p_g_resized160.png,lipojaro,3,LipoJaro,https://affiliates-backoffice.maxweb.com/app#resources/11869/campaigns,https://affiliates-backoffice.maxweb.com/app#offer-details/11869/LipoJaro,https://affiliates-backoffice.maxweb.com/app#sales-by-product/11869/LipoJaro
11860,Type2Protocol,Health Digital,246,"0% Frontend, 0% Backend",backend,67,0,0.65,1,0,3296,0.4,0,0,2,0,https://type2protocol.com/,https://cdn.softwareprojects.com/productimages/11860/3/memo_yjblhdk_p_g_resized160.png,type2protocol,3,Type2Protocol,https://affiliates-backoffice.maxweb.com/app#resources/11860/campaigns,https://affiliates-backoffice.maxweb.com/app#offer-details/11860/Type2Protocol,https://affiliates-backoffice.maxweb.com/app#sales-by-product/11860/Type2Protocol
11858,Vittaburn,Weight Loss,382,"0% Frontend, 0% Backend",backend,89,130,3.38,2.6,0,2717,0.02,0,0,2,0,https://vittaburn.com/vsl-bg/,https://cdn.softwareprojects.com/productimages/11858/3/bo_le1qaemy1_p_g_resized160.png,vittaburn,3,Vittaburn,,,
11855,DentalPrime,Dental/Gum Health,406,"0% Frontend, 0% Backend",backend,69,120,2.23,1.86,0,17905,5.25,0,0,2,0,https://thedentalprime.com/go/indexvs1.php,https://cdn.softwareprojects.com/productimages/11855/3/de_abygosu_p_g_resized160.png,dentalprime,3,DentalPrime,https://affiliates-backoffice.maxweb.com/app#resources/11855/campaigns,https://affiliates-backoffice.maxweb.com/app#offer-details/11855/DentalPrime,https://affiliates-backoffice.maxweb.com/app#sales-by-product/11855/DentalPrime
11854,CogniClear,Brain Health/Memory,414,"0% Frontend, 0% Backend",backend,69,120,2.39,1.99,0,35991,23.86,0,0,2,0,https://thecogniclear.com/go/indexvs.php,https://cdn.softwareprojects.com/productimages/11854/3/cog_if_y_j_p_g_resized160.png,cogniclear,3,CogniClear,https://affiliates-backoffice.maxweb.com/app#resources/11854/campaigns,https://affiliates-backoffice.maxweb.com/app#offer-details/11854/CogniClear,https://affiliates-backoffice.maxweb.com/app#sales-by-product/11854/CogniClear
11835,Burn Blend TSL,Weight Loss,382,"0% Frontend, 0% Backend",backend,79,145,3,2.07,0,27846,3.88,0,0,2,0,https://newburnblend.com/tsl2/,https://cdn.softwareprojects.com/productimages/11835/3/1po_exalc37_p_g_resized160.png,burn_blend_tsl,3,Burn Blend TSL,https://affiliates-backoffice.maxweb.com/app#resources/11835/campaigns,https://affiliates-backoffice.maxweb.com/app#offer-details/11835/Burn%20Blend%20TSL,https://affiliates-backoffice.maxweb.com/app#sales-by-product/11835/Burn%20Blend%20TSL
11832,GlucoTrust Bites Adv,Diabetes,366,"0% Frontend, 0% Backend",backend,69,125,2.27,1.82,0,13523,1.64,0,0,2,0,https://glucotrust-bites.com/discovery,https://cdn.softwareprojects.com/productimages/11832/3/glucobi_efg_8_p_g_resized160.png,glucotrust_bites_adv,3,GlucoTrust Bites Adv,https://affiliates-backoffice.maxweb.com/app#resources/11832/campaigns,https://affiliates-backoffice.maxweb.com/app#offer-details/11832/GlucoTrust%20Bites%20Adv,https://affiliates-backoffice.maxweb.com/app#sales-by-product/11832/GlucoTrust%20Bites%20Adv
11830,BioDentex,Dental/Gum Health,406,"0% Frontend, 0% Backend",backend,79,170,3.45,2.03,0,2859,4.44,0,0,2,0,https://getbiodentix.com/,https://cdn.softwareprojects.com/productimages/11830/3/pho_o_2025_11_17_18_50_33_1omdk_jpg_resized160.jpg,biodentix,3,Biodentix,https://affiliates-backoffice.maxweb.com/app#resources/11830/campaigns,https://affiliates-backoffice.maxweb.com/app#offer-details/11830/BioDentex,https://affiliates-backoffice.maxweb.com/app#sales-by-product/11830/BioDentex
11820,Easy Battery Fix,Survival,270,"0% Frontend, 0% Backend",backend,49,40,0.62,1.56,0,6,0,0,0,2,0,https://easybatteryfixed.com/,https://cdn.softwareprojects.com/productimages/11820/3/cove_02_lowojoz3k_p_g_resized160.png,easy_battery_fix,3,Easy Battery Fix,https://affiliates-backoffice.maxweb.com/app#resources/11820/campaigns,https://affiliates-backoffice.maxweb.com/app#offer-details/11820/Easy%20Battery%20Fix,https://affiliates-backoffice.maxweb.com/app#sales-by-product/11820/Easy%20Battery%20Fix
11819,Dark Reset,Survival,270,"0% Frontend, 0% Backend",backend,37,37,0.41,1.12,0,245,0.12,0,0,2,0,https://dark-reset.com/,https://cdn.softwareprojects.com/productimages/11819/3/da_k_ese_5fw_lg_p_g_resized160.png,dark_reset,3,Dark Reset,https://affiliates-backoffice.maxweb.com/app#resources/11819/campaigns,https://affiliates-backoffice.maxweb.com/app#offer-details/11819/Dark%20Reset,https://affiliates-backoffice.maxweb.com/app#sales-by-product/11819/Dark%20Reset
11818,Urban Survival Code,Survival,270,"0% Frontend, 0% Backend",backend,39,30,0.51,1.69,0,11,0,0,0,2,0,https://urbansurvivalcode.com/,https://cdn.softwareprojects.com/productimages/11818/3/c_opped_mai_cove_yoebhl_p_g_resized160.png,urban_survival_code,3,Urban Survival Code,https://affiliates-backoffice.maxweb.com/app#resources/11818/campaigns,https://affiliates-backoffice.maxweb.com/app#offer-details/11818/Urban%20Survival%20Code,https://affiliates-backoffice.maxweb.com/app#sales-by-product/11818/Urban%20Survival%20Code
11817,BlackOps Elite Strategies,Survival,270,"0% Frontend, 0% Backend",backend,39,40,0.61,1.53,0,6,0,0,0,2,0,https://blackopselitestrategies.com/,https://cdn.softwareprojects.com/productimages/11817/3/mai_2_15d7_yq_p_g_resized160.png,blackops_elite_strategies,3,BlackOps Elite Strategies,https://affiliates-backoffice.maxweb.com/app#resources/11817/campaigns,https://affiliates-backoffice.maxweb.com/app#offer-details/11817/BlackOps%20Elite%20Strategies,https://affiliates-backoffice.maxweb.com/app#sales-by-product/11817/BlackOps%20Elite%20Strategies
11816,Quick Power System,Survival,270,"0% Frontend, 0% Backend",backend,49,40,0.64,1.61,0,130,0,0,0,2,0,https://quickpowersystem.com/,https://cdn.softwareprojects.com/productimages/11816/3/cove_1u915_y_p_g_resized160.png,quick_power_system,3,Quick Power System,https://affiliates-backoffice.maxweb.com/app#resources/11816/campaigns,https://affiliates-backoffice.maxweb.com/app#offer-details/11816/Quick%20Power%20System,https://affiliates-backoffice.maxweb.com/app#sales-by-product/11816/Quick%20Power%20System
11815,Smart Water Box,Survival,270,,,39.69,45,0.35,0.98,0,2354,0.73,0,0,2,0,https://watersmartbox.com/index/,https://cdn.softwareprojects.com/productimages/11815/3/sma_wa_e_uzy_u_p_g_resized160.png,smart_water_box,3,Smart Water Box,https://affiliates-backoffice.maxweb.com/app#resources/11815/campaigns,https://affiliates-backoffice.maxweb.com/app#offer-details/11815/Smart%20Water%20Box,https://affiliates-backoffice.maxweb.com/app#sales-by-product/11815/Smart%20Water%20Box
11806,Dentavive V2,Dental/Gum Health,406,"0% Frontend, 0% Backend",backend,69,160,4.2,2.62,0,77704,21.58,0,0,2,0,,https://cdn.softwareprojects.com/productimages/11806/3/de_avives74b_omyi_2w_p_g_resized160.png,dentavive_v2,3,Dentavive V2,https://affiliates-backoffice.maxweb.com/app#resources/11806/campaigns,https://affiliates-backoffice.maxweb.com/app#offer-details/11806/Dentavive%20V2,https://affiliates-backoffice.maxweb.com/app#sales-by-product/11806/Dentavive%20V2
11803,NutriDerma,Skin/Beauty and Anti-Aging,294,"0% Frontend, 0% Backend",backend,69,110,2.32,2.11,0,5086,0.29,0,0,2,0,https://clinicaldermatologyinsights.com/discover/,https://cdn.softwareprojects.com/productimages/11803/3/_u_ide_ma11iepm_p_g_resized160.png,nutriderma,3,NutriDerma,,,
11801,Dentavive,Dental/Gum Health,406,"0% Frontend, 0% Backend",backend,69,120,3.14,2.62,0,27192,2.54,0,0,2,1,https://denta-vive.com/vsl/vsl136,https://cdn.softwareprojects.com/productimages/11801/3/de_avives74b_o_p_g_resized160.png,dentavive_mw,3,Dentavive MW,https://affiliates-backoffice.maxweb.com/app#resources/11801/campaigns,https://affiliates-backoffice.maxweb.com/app#offer-details/11801/Dentavive,https://affiliates-backoffice.maxweb.com/app#sales-by-product/11801/Dentavive
11793,Cardio C2,General,222,"0% Frontend, 0% Backend",backend,69,135,2.47,1.83,0,34391,1.26,0,0,2,0,https://www.trycardioc2.com/vsl/med/csotv1_0/video.php,https://cdn.softwareprojects.com/productimages/11793/3/bo_le2mkdkyy_p_g_resized160.png,cardio_c2,3,Cardio C2,https://affiliates-backoffice.maxweb.com/app#resources/11793/campaigns,https://affiliates-backoffice.maxweb.com/app#offer-details/11793/Cardio%20C2,https://affiliates-backoffice.maxweb.com/app#sales-by-product/11793/Cardio%20C2
11788,ReduBurn TSL,Weight Loss,382,"0% Frontend, 0% Backend",backend,79,145,2.68,1.85,0,29684,7.58,0,0,2,0,https://reduburn.com/,https://cdn.softwareprojects.com/productimages/11788/3/i_g_simples4ohim9_p_g_resized160.png,reduburn_tsl,3,ReduBurn TSL,https://affiliates-backoffice.maxweb.com/app#resources/11788/campaigns,https://affiliates-backoffice.maxweb.com/app#offer-details/11788/ReduBurn%20TSL,https://affiliates-backoffice.maxweb.com/app#sales-by-product/11788/ReduBurn%20TSL
11786,Lotto Master Key,General,222,"0% Frontend, 0% Backend",backend,177,125,1.68,1.34,0,148,0.01,0,0,2,0,https://trylottomasterkey.com/paradox/,https://cdn.softwareprojects.com/productimages/11786/3/gua_a_ee_imgzm30_j_p_g_resized160.png,lotto_master_key,3,Lotto Master Key,https://affiliates-backoffice.maxweb.com/app#resources/11786/campaigns,https://affiliates-backoffice.maxweb.com/app#offer-details/11786/Lotto%20Master%20Key,https://affiliates-backoffice.maxweb.com/app#sales-by-product/11786/Lotto%20Master%20Key
11779,Kiiroo HomePage,Ecomm,262,"0% Frontend, 0% Backend",backend,10,0,1,1,0,5,0.2,0,0,2,0,https://www.kiiroo.com/,https://cdn.softwareprojects.com/productimages/11779/3/kii_oo_logoibscap_p_g_resized160.png,kiiroo_store,3,Kiiroo Store,,,
11774,GL Defend,Diabetes,366,"0% Frontend, 0% Backend",backend,69,125,2.44,1.95,0,28660,5.17,0,0,2,0,https://gldefend.com/report,https://cdn.softwareprojects.com/productimages/11774/3/gldefe_dw_wc_h_p_g_resized160.png,gl_defend,3,GL Defend,https://affiliates-backoffice.maxweb.com/app#resources/11774/campaigns,https://affiliates-backoffice.maxweb.com/app#offer-details/11774/GL%20Defend,https://affiliates-backoffice.maxweb.com/app#sales-by-product/11774/GL%20Defend
11771,SugarMute,Diabetes,366,"0% Frontend, 0% Backend",backend,79,155,3.26,2.1,0,61877,21.19,0,0,2,0,https://sugarnix.com/b/report.php,https://cdn.softwareprojects.com/productimages/11771/3/suga_ma_evkvseg_p_g_resized160.png,sugarmute,3,SugarMute,https://affiliates-backoffice.maxweb.com/app#resources/11771/campaigns,https://affiliates-backoffice.maxweb.com/app#offer-details/11771/SugarMute,https://affiliates-backoffice.maxweb.com/app#sales-by-product/11771/SugarMute
11769,MindVault ,Brain Health/Memory,414,"0% Frontend, 0% Backend",backend,68,135,3.05,2.54,0,54265,28.45,0,0,2,0,https://getmindvault.com/vslpmv,https://cdn.softwareprojects.com/productimages/11769/3/3_pack0u_ila_p_g_resized160.png,mindvault_,3,MindVault ,https://affiliates-backoffice.maxweb.com/app#resources/11769/campaigns,https://affiliates-backoffice.maxweb.com/app#offer-details/11769/MindVault%20,https://affiliates-backoffice.maxweb.com/app#sales-by-product/11769/MindVault%20
11768,Booster Brew,Men's Health,370,"0% Frontend, 0% Backend",backend,69,100,1.12,1.12,0,8335,0.58,0,0,2,0,https://getboosterbrew.com/bg-r/,https://cdn.softwareprojects.com/productimages/11768/3/boos_e_b_ew_bo_le96yhi5_p_g_resized160.png,booster_brew,3,Booster Brew,https://affiliates-backoffice.maxweb.com/app#resources/11768/campaigns,https://affiliates-backoffice.maxweb.com/app#offer-details/11768/Booster%20Brew,https://affiliates-backoffice.maxweb.com/app#sales-by-product/11768/Booster%20Brew
11755,Hypnozio Weight loss,Health Digital,246,,,16.5,70,1.16,1.66,0,3382,0.21,0,0,2,0,https://get-hypnozio.com/landing-wl,https://cdn.softwareprojects.com/productimages/11755/3/hyp_oziowcv1i0_jpg_resized160.jpg,hypnozio_weight_loss,3,Hypnozio Weight loss,https://affiliates-backoffice.maxweb.com/app#resources/11755/campaigns,https://affiliates-backoffice.maxweb.com/app#offer-details/11755/Hypnozio%20Weight%20loss,https://affiliates-backoffice.maxweb.com/app#sales-by-product/11755/Hypnozio%20Weight%20loss
11752,The Memory Wave V2,Health Digital,246,"0% Frontend, 0% Backend",backend,39,38,0.74,1.95,0,2802,0.13,0,0,2,0,https://memorywaveoriginal.com/video/,https://cdn.softwareprojects.com/productimages/11752/3/memo_y_wave_p_oduc_8_azwe_p_g_resized160.png,the_memory_wave_v2,3,The Memory Wave V2,https://affiliates-backoffice.maxweb.com/app#resources/11752/campaigns,https://affiliates-backoffice.maxweb.com/app#offer-details/11752/The%20Memory%20Wave%20V2,https://affiliates-backoffice.maxweb.com/app#sales-by-product/11752/The%20Memory%20Wave%20V2
11751,Menovelle,Health Supplement,282,"0% Frontend, 0% Backend",backend,79,135,2.99,2.21,0,41399,11.26,0,0,2,1,https://themenovelle.com/video.php,https://cdn.softwareprojects.com/productimages/11751/3/_sl_p_odw_y_yx_p_g_resized160.png,menovelle,3,Menovelle,https://affiliates-backoffice.maxweb.com/app#resources/11751/campaigns,https://affiliates-backoffice.maxweb.com/app#offer-details/11751/Menovelle,https://affiliates-backoffice.maxweb.com/app#sales-by-product/11751/Menovelle
11748,Profit Vault Adv,Money Making,234,"0% Frontend, 0% Backend",backend,47,50,1.42,2.85,0,4594,1.92,0,0,2,0,https://getprofitvault.co/reveal,https://cdn.softwareprojects.com/productimages/11748/3/p1b6dilgucejxi_p_g_resized160.png,profit_vault_adv,3,Profit Vault Adv,https://affiliates-backoffice.maxweb.com/app#resources/11748/campaigns,https://affiliates-backoffice.maxweb.com/app#offer-details/11748/Profit%20Vault%20Adv,https://affiliates-backoffice.maxweb.com/app#sales-by-product/11748/Profit%20Vault%20Adv
11747,Certified Concealed First,General,222,"0% Frontend, 0% Backend",backend,109,70,1.47,2.1,0,1902,0.76,0,0,2,1,https://www.certifiedconcealedfirst.com/,https://cdn.softwareprojects.com/productimages/11747/3/co_cealeddcdxvz_jpg_resized160.jpg,certified_concealed_first,3,Certified Concealed First,,,
11746,Male Power XL,Men's Health,370,"0% Frontend, 0% Backend",backend,79,120,3.53,2.72,0,171378,21.59,0,0,2,1,https://boostmalepower.com/,https://cdn.softwareprojects.com/productimages/11746/3/sc_ee_sho_2025_10_02_a_4_25_38_pmabdxx8_p_g_resized160.png,male_power_xl,3,Male Power XL,https://affiliates-backoffice.maxweb.com/app#resources/11746/campaigns,https://affiliates-backoffice.maxweb.com/app#offer-details/11746/Male%20Power%20XL,https://affiliates-backoffice.maxweb.com/app#sales-by-product/11746/Male%20Power%20XL
11733,Neuro Sharp MW,Brain Health/Memory,414,"0% Frontend, 0% Backend",backend,79,133,3.13,2.36,0,129951,65.57,0,0,2,0,https://getneurosharp.com/vsl/bg/l1/,https://cdn.softwareprojects.com/productimages/11733/3/61em_yfwpyl_uf1000_1000_ql80_m_6dvz_jpg_resized160.jpg,neuro_sharp_mw,3,Neuro Sharp MW,https://affiliates-backoffice.maxweb.com/app#resources/11733/campaigns,https://affiliates-backoffice.maxweb.com/app#offer-details/11733/Neuro%20Sharp%20MW,https://affiliates-backoffice.maxweb.com/app#sales-by-product/11733/Neuro%20Sharp%20MW
11712,Men Balance Pro,Men's Health,370,"0% Frontend, 0% Backend",backend,79,135,2.5,1.89,0,7099,2.08,0,0,2,0,https://www.menbalancepro.com/bg-vsl,https://cdn.softwareprojects.com/productimages/11712/3/me_bala_cep_ohpdlve_p_g_resized160.png,men_balance_pro,3,Men Balance Pro,https://affiliates-backoffice.maxweb.com/app#resources/11712/campaigns,https://affiliates-backoffice.maxweb.com/app#offer-details/11712/Men%20Balance%20Pro,https://affiliates-backoffice.maxweb.com/app#sales-by-product/11712/Men%20Balance%20Pro
11706,GoldAlign,Health Supplement,282,"0% Frontend, 0% Backend",backend,79,165,3.54,2.15,0,42051,10.39,0,0,2,1,https://thegoldalign.com/video.php,https://cdn.softwareprojects.com/productimages/11706/3/p_od_2_bo_lel_md8u_p_g_resized160.png,goldalign,3,GoldAlign,https://affiliates-backoffice.maxweb.com/app#resources/11706/campaigns,https://affiliates-backoffice.maxweb.com/app#offer-details/11706/GoldAlign,https://affiliates-backoffice.maxweb.com/app#sales-by-product/11706/GoldAlign
11702,Enence,Ecomm,262,"0% Frontend, 0% Backend",backend,89,65,0.96,1.48,0,51708,3.39,0,0,2,0,https://translatorenence.com/translator/product-3/,https://cdn.softwareprojects.com/productimages/11702/3/device_mi_lul_5g_p_g_resized160.png,enence,3,Enence,https://affiliates-backoffice.maxweb.com/app#resources/11702/campaigns,https://affiliates-backoffice.maxweb.com/app#offer-details/11702/Enence,https://affiliates-backoffice.maxweb.com/app#sales-by-product/11702/Enence
11701,Soulmate Story Adv,General,222,"0% Frontend, 0% Backend",backend,37,27,0.3,1.1,0,277,0.1,0,0,2,0,https://www.soulmatestory.com/,https://cdn.softwareprojects.com/productimages/11701/3/soulma_es_o_y_logod4fm3a_p_g_resized160.png,soulmate_story_adv,3,Soulmate Story Adv,https://affiliates-backoffice.maxweb.com/app#resources/11701/campaigns,https://affiliates-backoffice.maxweb.com/app#offer-details/11701/Soulmate%20Story%20Adv,https://affiliates-backoffice.maxweb.com/app#sales-by-product/11701/Soulmate%20Story%20Adv
11700,Moon Reading,General,222,"0% Frontend, 0% Backend",backend,1,0,1,1,20.79,171,0.02,0,0,2,0,https://www.moonreading.com/start/1/,https://cdn.softwareprojects.com/productimages/11700/3/moo_eadi_g_ex_logosekq0g_p_g_resized160.png,moon_reading,3,Moon Reading,https://affiliates-backoffice.maxweb.com/app#resources/11700/campaigns,https://affiliates-backoffice.maxweb.com/app#offer-details/11700/Moon%20Reading,https://affiliates-backoffice.maxweb.com/app#sales-by-product/11700/Moon%20Reading
11699,Synaptigen MW,Brain Health/Memory,414,"0% Frontend, 0% Backend",backend,79,160,2.86,1.79,0,84998,8.46,0,0,2,1,https://thesynaptigen.com/video.php,https://cdn.softwareprojects.com/productimages/11699/3/sy_ap_ige_bqzez_p_g_resized160.png,synaptigen_mw,3,Synaptigen MW,https://affiliates-backoffice.maxweb.com/app#resources/11699/campaigns,https://affiliates-backoffice.maxweb.com/app#offer-details/11699/Synaptigen%20MW,https://affiliates-backoffice.maxweb.com/app#sales-by-product/11699/Synaptigen%20MW
11693,Audifort,Tinnitus,378,"0% Frontend, 0% Backend",backend,79,150,2.49,1.66,0,84350,13.01,0,0,2,0,https://audisoothe.com/b/report.php,https://cdn.softwareprojects.com/productimages/11693/3/he_o_img_ezgiqi6fj_p_g_resized160.png,audifort,3,Audifort,https://affiliates-backoffice.maxweb.com/app#resources/11693/campaigns,https://affiliates-backoffice.maxweb.com/app#offer-details/11693/Audifort,https://affiliates-backoffice.maxweb.com/app#sales-by-product/11693/Audifort
11681,Trueluck Casino Email NL,iGaming/Casino,470,"0% Frontend, 0% Backend",backend,1,280,1,1,0,2613,0,0,0,2,0,https://gotrueluck.com/,https://cdn.softwareprojects.com/productimages/11681/3/_ueluckjqowph_p_g_resized160.png,trueluck_casino_email_nl,3,Trueluck Casino Email NL,,,
11680,Trueluck Casino PPC NL,iGaming/Casino,470,"0% Frontend, 0% Backend",backend,1,470,1,1,0,7,0,0,0,2,0,https://gotrueluck.com/,https://cdn.softwareprojects.com/productimages/11680/3/_ueluck_lfjqv_p_g_resized160.png,trueluck_casino_ppc_nl,3,Trueluck Casino PPC NL,,,
11667,Trimology CB,Weight Loss,382,"0% Frontend, 0% Backend",backend,69,166,4.76,3.4,10.02,31851,3.55,0,0,2,1,https://trimology.solutions/vsl/vsl236,https://cdn.softwareprojects.com/productimages/11667/3/_imologyweigh_oxmfoh_p_g_resized160.png,trimology_cb,3,Trimology CB,https://affiliates-backoffice.maxweb.com/app#resources/11667/campaigns,https://affiliates-backoffice.maxweb.com/app#offer-details/11667/Trimology%20CB,https://affiliates-backoffice.maxweb.com/app#sales-by-product/11667/Trimology%20CB
11666,Nervolyn TSL,Nerve Health,398,"0% Frontend, 0% Backend",backend,79,145,2.68,1.85,0,5230,1.32,0,0,2,0,https://nervolyn.com/,https://cdn.softwareprojects.com/productimages/11666/3/_e_voly_e_ve1z_p_g_resized160.png,nervolyn_tsl,3,Nervolyn TSL,,,
11665,Marobrain DTC,Brain Health/Memory,414,"0% Frontend, 0% Backend",backend,79,145,2.6,1.79,0,29376,3.95,0,0,2,0,https://marobrain.com/dtc/,https://cdn.softwareprojects.com/productimages/11665/3/1_bo_leap2ahp_p_g_resized160.png,marobrain_dtc,3,Marobrain DTC,,,
11659,Sight Fresh,Vision,402,"0% Frontend, 0% Backend",backend,69,130,2.14,1.78,0,40339,9.27,0,0,2,0,https://secure.sightfresh.com/index-vsl-cf,https://cdn.softwareprojects.com/productimages/11659/3/sigh_f_esh0bl1fj_p_g_resized160.png,sight_fresh,3,Sight Fresh,https://affiliates-backoffice.maxweb.com/app#resources/11659/campaigns,https://affiliates-backoffice.maxweb.com/app#offer-details/11659/Sight%20Fresh,https://affiliates-backoffice.maxweb.com/app#sales-by-product/11659/Sight%20Fresh
11658,Trimology DE DTC,Weight Loss,382,"0% Frontend, 0% Backend",backend,79,120,4.08,3.4,0,2908,0.62,0,0,2,0,https://trimologyweight.com/de/dtc/dtc236/,https://cdn.softwareprojects.com/productimages/11658/3/_imologyweigh_gyl_x_p_g_resized160.png,trimology_de_dtc,3,Trimology DE DTC,,,
11653,RevaNail,Fungus,390,"0% Frontend, 0% Backend",backend,69,123,2.03,1.65,0,15030,0.71,0,0,2,1,https://revanail.com/v1,https://cdn.softwareprojects.com/productimages/11653/3/_eva_ailoydxls_p_g_resized160.png,revanail,3,RevaNail,https://affiliates-backoffice.maxweb.com/app#resources/11653/campaigns,https://affiliates-backoffice.maxweb.com/app#offer-details/11653/RevaNail,https://affiliates-backoffice.maxweb.com/app#sales-by-product/11653/RevaNail
11648,CogniSurge,Brain Health/Memory,414,"0% Frontend, 0% Backend",backend,69,123,2.15,1.75,0,24011,0.34,0,0,2,0,https://thecognisurge.com/go/indexvs2.php,https://cdn.softwareprojects.com/productimages/11648/3/cog_isu_euz_xu8_p_g_resized160.png,cognisurge,3,CogniSurge,https://affiliates-backoffice.maxweb.com/app#resources/11648/campaigns,https://affiliates-backoffice.maxweb.com/app#offer-details/11648/CogniSurge,https://affiliates-backoffice.maxweb.com/app#sales-by-product/11648/CogniSurge
11647,DigestiStart,Gut Health,410,,,79,125,2.53,1.88,0,89000,8.17,0,0,2,1,https://thedigestistart.com/video.php,https://cdn.softwareprojects.com/productimages/11647/3/dige_is_a_zdi6z_p_g_resized160.png,digestistart,3,DigestiStart,https://affiliates-backoffice.maxweb.com/app#resources/11647/campaigns,https://affiliates-backoffice.maxweb.com/app#offer-details/11647/DigestiStart,https://affiliates-backoffice.maxweb.com/app#sales-by-product/11647/DigestiStart
11620,Nerve Meister DE,Nerve Health,398,"0% Frontend, 0% Backend",backend,69,110,2.04,1.85,0,1024,0.02,0,0,2,0,https://www.nervenmeister.com/vsl/med/skgnv1_0/video.php,https://cdn.softwareprojects.com/productimages/11620/3/beyo_d_e_ve_eliefi447xj_p_g_resized160.png,nerve_meister_de,3,Nerve Meister DE,https://affiliates-backoffice.maxweb.com/app#resources/11620/campaigns,https://affiliates-backoffice.maxweb.com/app#offer-details/11620/Nerve%20Meister%20DE,https://affiliates-backoffice.maxweb.com/app#sales-by-product/11620/Nerve%20Meister%20DE
11619,Stinger Red Dot,Survival,270,"0% Frontend, 0% Backend",backend,79,75,1.51,2.01,0,4423,0.17,0,0,2,0,https://www.surviveinsight.com/stinger-sights,https://cdn.softwareprojects.com/productimages/11619/3/s_i_ge_s_9muv_jpg_resized160.jpg,stinger_red_dot,3,Stinger Red Dot,https://affiliates-backoffice.maxweb.com/app#resources/11619/campaigns,https://affiliates-backoffice.maxweb.com/app#offer-details/11619/Stinger%20Red%20Dot,https://affiliates-backoffice.maxweb.com/app#sales-by-product/11619/Stinger%20Red%20Dot
11618,Kerassentials DE,Fungus,390,"0% Frontend, 0% Backend",backend,69,90,1.89,2.1,0,26,0,0,0,2,0,https://kerassentials24.com.de/video.php,https://cdn.softwareprojects.com/productimages/11618/3/i_oduc_i_g_ke_asse_ials_ewcomgho_p_g_resized160.png,kerassentials_de,3,Kerassentials DE,https://affiliates-backoffice.maxweb.com/app#resources/11618/campaigns,https://affiliates-backoffice.maxweb.com/app#offer-details/11618/Kerassentials%20DE,https://affiliates-backoffice.maxweb.com/app#sales-by-product/11618/Kerassentials%20DE
11610,Thyrafemme Balance,Health Supplement,282,"0% Frontend, 0% Backend",backend,79,125,2.58,2.07,0,22126,1.77,0,0,2,0,https://trythyrafemme.com/emodiv/,https://cdn.softwareprojects.com/productimages/11610/3/i_dex_he_o_imgb_x_mw_p_g_resized160.png,thyrafemme_balance,3,Thyrafemme Balance,https://affiliates-backoffice.maxweb.com/app#resources/11610/campaigns,https://affiliates-backoffice.maxweb.com/app#offer-details/11610/Thyrafemme%20Balance,https://affiliates-backoffice.maxweb.com/app#sales-by-product/11610/Thyrafemme%20Balance
11603,Vertigenics,Vision,402,"0% Frontend, 0% Backend",backend,69,98,1.68,1.43,0,110616,0.41,0,0,2,0,https://thevertigenics.com/video.php,https://cdn.softwareprojects.com/productimages/11603/2/ve_ige_icsahj_65_p_g_resized160.png,vertigenics,2,Vertigenics,https://affiliates-backoffice.maxweb.com/app#resources/11603/campaigns,https://affiliates-backoffice.maxweb.com/app#offer-details/11603/Vertigenics,https://affiliates-backoffice.maxweb.com/app#sales-by-product/11603/Vertigenics
11599,Hypoburn,Weight Loss,382,"0% Frontend, 0% Backend",backend,69,118,1.42,1.2,0,4726,0.72,0,0,2,1,https://hypo-burn.com/vsl.html,https://cdn.softwareprojects.com/productimages/11599/2/1_bo_lejhp572_p_g_resized160.png,hypoburn,2,Hypoburn,https://affiliates-backoffice.maxweb.com/app#resources/11599/campaigns,https://affiliates-backoffice.maxweb.com/app#offer-details/11599/Hypoburn,https://affiliates-backoffice.maxweb.com/app#sales-by-product/11599/Hypoburn
11594,Royal Bee Pollen,Skin/Beauty and Anti-Aging,294,"0% Frontend, 0% Backend",backend,49,110,2,1.82,0,21472,4.9,0,0,2,0,https://royalbeepollen.com/st/st.php,https://cdn.softwareprojects.com/productimages/11594/2/_oyalbeekqucok_p_g_resized160.png,royal_bee_pollen,2,Royal Bee Pollen,https://affiliates-backoffice.maxweb.com/app#resources/11594/campaigns,https://affiliates-backoffice.maxweb.com/app#offer-details/11594/Royal%20Bee%20Pollen,https://affiliates-backoffice.maxweb.com/app#sales-by-product/11594/Royal%20Bee%20Pollen
11592,SharpVision,Vision,402,"0% Frontend, 0% Backend",backend,79,138,2.92,2.11,0,109555,35,0,0,2,0,https://www.trysharpvision.com/vsl-bg,https://cdn.softwareprojects.com/productimages/11592/2/sha_pvisio_jbdocq_p_g_resized160.png,sharpvision,2,SharpVision,https://affiliates-backoffice.maxweb.com/app#resources/11592/campaigns,https://affiliates-backoffice.maxweb.com/app#offer-details/11592/SharpVision,https://affiliates-backoffice.maxweb.com/app#sales-by-product/11592/SharpVision
11591,Ignitra,Weight Loss,382,"0% Frontend, 0% Backend",backend,79,170,3.49,2.05,0,48383,11.45,0,0,2,0,https://getignitra.com/,https://cdn.softwareprojects.com/productimages/11591/2/ig_i_agigfiy_p_g_resized160.png,ignitra,2,Ignitra,https://affiliates-backoffice.maxweb.com/app#resources/11591/campaigns,https://affiliates-backoffice.maxweb.com/app#offer-details/11591/Ignitra,https://affiliates-backoffice.maxweb.com/app#sales-by-product/11591/Ignitra
11585,IceCasino RegForm,iGaming/Casino,470,"0% Frontend, 0% Backend",backend,0,165,2.5,18,0,12,0,0,0,2,0,https://iceredirect.com/,https://cdn.softwareprojects.com/productimages/11585/2/icecasi_o_logoyma4i5_p_g_resized160.png,icecasino_regform,2,IceCasino RegForm,,,
11582,Stay Casino CA,General,222,"0% Frontend, 0% Backend",backend,0,475,1,1,0,575,0.01,0,0,2,0,https://www.staycasino.com/users/sign_up,https://cdn.softwareprojects.com/productimages/11582/2/logo_imagelhcm8s_p_g_resized160.png,stay_casino_ca,2,Stay Casino CA,,,
11567,Tikitaka Casino,iGaming/Casino,470,"0% Frontend, 0% Backend",backend,0,350,1,1,0,696,0,0,0,2,0,https://rzu8p2ywj.com/ca/registration,https://cdn.softwareprojects.com/productimages/11567/2/_iki_akaoqc98b_p_g_resized160.png,tikitaka_casino,2,Tikitaka Casino,,,
11555,Smart Blood Sugar Masterclass,Health Digital,246,"0% Frontend, 0% Backend",backend,47,45,0.45,1,0,4134,0.09,0,0,2,0,https://www.fastbloodsugarblueprint.com/video_sbs_mc_a1_fs,https://cdn.softwareprojects.com/productimages/11555/2/1745842005908_sbs_mc_checkou_q2qhz_jpg_resized160.jpg,smart_blood_sugar_masterclass,2,Smart Blood Sugar Masterclass,https://affiliates-backoffice.maxweb.com/app#resources/11555/campaigns,https://affiliates-backoffice.maxweb.com/app#offer-details/11555/Smart%20Blood%20Sugar%20Masterclass,https://affiliates-backoffice.maxweb.com/app#sales-by-product/11555/Smart%20Blood%20Sugar%20Masterclass
11554,BioCal,Health Supplement,282,"0% Frontend, 0% Backend",backend,49.99,110,1.17,1.07,0,7633,0.56,0,0,2,0,https://www.fastboneblueprint.com/video_bc_cal_nhc_mon,https://cdn.softwareprojects.com/productimages/11554/2/sec6_p_oduc_sid_ceq_p_g_resized160.png,biocal,2,BioCal,https://affiliates-backoffice.maxweb.com/app#resources/11554/campaigns,https://affiliates-backoffice.maxweb.com/app#offer-details/11554/BioCal,https://affiliates-backoffice.maxweb.com/app#sales-by-product/11554/BioCal
11553,Advanced Nerve Support,Nerve Health,398,"0% Frontend, 0% Backend",backend,49.99,70,0.74,1.05,0,2397,1.12,0,0,2,0,https://www.fastnerveblueprint.com/video_ans_mg_nhc_mon,https://cdn.softwareprojects.com/productimages/11553/2/1_pack0ls55w_p_g_resized160.png,advanced_nerve_support,2,Advanced Nerve Support,https://affiliates-backoffice.maxweb.com/app#resources/11553/campaigns,https://affiliates-backoffice.maxweb.com/app#offer-details/11553/Advanced%20Nerve%20Support,https://affiliates-backoffice.maxweb.com/app#sales-by-product/11553/Advanced%20Nerve%20Support
11552,Ryoko PRO Unlimited Data,Ecomm,262,"0% Frontend, 0% Backend",backend,49,77,1.69,2.2,0,9349,1.86,0,0,2,0,https://ryokorouter.com/article/ryoko-isp-genius-device-aff,https://cdn.softwareprojects.com/productimages/11552/2/limi_ed_ime_p_oduc_v1kzpcbe_p_g_resized160.png,ryoko_pro_unlimited_data,2,Ryoko PRO Unlimited Data,https://affiliates-backoffice.maxweb.com/app#resources/11552/campaigns,https://affiliates-backoffice.maxweb.com/app#offer-details/11552/Ryoko%20PRO%20Unlimited%20Data,https://affiliates-backoffice.maxweb.com/app#sales-by-product/11552/Ryoko%20PRO%20Unlimited%20Data
11547,SlimBliss,Weight Loss,382,"0% Frontend, 0% Backend",backend,59,80,0.88,1.01,0,7869,2.65,0,0,2,0,https://getslimbliss.com/go/indexnoaffprog.php,https://cdn.softwareprojects.com/productimages/11547/3/slimblissdlpzs_p_g_resized160.png,slimbliss,3,SlimBliss,https://affiliates-backoffice.maxweb.com/app#resources/11547/campaigns,https://affiliates-backoffice.maxweb.com/app#offer-details/11547/SlimBliss,https://affiliates-backoffice.maxweb.com/app#sales-by-product/11547/SlimBliss
11538,Sciaticyl,Nerve Health,398,"0% Frontend, 0% Backend",backend,69,137,2.49,1.82,0,260520,13.98,0,0,2,0,https://www.sciaticasupport.com/pages/ss1/index.php,https://cdn.softwareprojects.com/productimages/11538/2/sciaci_yl_1b_ls0b7qh_p_g_resized160.png,sciaticyl,2,Sciaticyl,https://affiliates-backoffice.maxweb.com/app#resources/11538/campaigns,https://affiliates-backoffice.maxweb.com/app#offer-details/11538/Sciaticyl,https://affiliates-backoffice.maxweb.com/app#sales-by-product/11538/Sciaticyl
11522,Vigorlong TSL,Men's Health,370,"0% Frontend, 0% Backend",backend,89,140,2.66,1.9,0,58828,10.23,0,0,2,0,https://vigorlong.com/,https://cdn.softwareprojects.com/productimages/11522/2/p_odx1eluemv_p_g_resized160.png,vigorlong_tsl,2,Vigorlong TSL,https://affiliates-backoffice.maxweb.com/app#resources/11522/campaigns,https://affiliates-backoffice.maxweb.com/app#offer-details/11522/Vigorlong%20TSL,https://affiliates-backoffice.maxweb.com/app#sales-by-product/11522/Vigorlong%20TSL
11514,Trimology,Weight Loss,382,"0% Frontend, 0% Backend",backend,69,120,4.76,3.4,0,446261,33.62,0,0,2,1,,https://cdn.softwareprojects.com/productimages/11514/2/_imologyweigh_glp_1bala_ce_mockup1wslzoi_p_g_resized160.png,trimology,2,Trimology,https://affiliates-backoffice.maxweb.com/app#resources/11514/campaigns,https://affiliates-backoffice.maxweb.com/app#offer-details/11514/Trimology,https://affiliates-backoffice.maxweb.com/app#sales-by-product/11514/Trimology
11510,Rose Grail,General,222,"0% Frontend, 0% Backend",backend,47,38,0.4,1.05,0,74,0.01,0,0,2,0,https://rosegrailprayer.com/go/indexvsa.php,https://cdn.softwareprojects.com/productimages/11510/2/de6d8c89_c633_4f93_b737_102063ae0a9ce3_v_p_g_resized160.png,rose_grail,2,Rose Grail,https://affiliates-backoffice.maxweb.com/app#resources/11510/campaigns,https://affiliates-backoffice.maxweb.com/app#offer-details/11510/Rose%20Grail,https://affiliates-backoffice.maxweb.com/app#sales-by-product/11510/Rose%20Grail
11448,Synoshi PRO,Ecomm,262,"0% Frontend, 0% Backend",backend,73.9,47,0.75,1.6,0,39020,1.24,0,0,2,0,https://get-synoshi.com/synoshi-pro,https://cdn.softwareprojects.com/productimages/11448/2/sma_desig_p_oduc_ph4_p_g_resized160.png,synoshi_pro,2,Synoshi PRO,https://affiliates-backoffice.maxweb.com/app#resources/11448/campaigns,https://affiliates-backoffice.maxweb.com/app#offer-details/11448/Synoshi%20PRO,https://affiliates-backoffice.maxweb.com/app#sales-by-product/11448/Synoshi%20PRO
11440,Visium Pro,Vision,402,"0% Frontend, 0% Backend",backend,69,150,3.66,2.44,0,121496,10.12,0,0,2,0,https://visiumpro.com/discover/ROOT-L3/,https://cdn.softwareprojects.com/productimages/11440/2/1bo_le_blqv_yi_p_g_resized160.png,visium_pro,2,Visium Pro,https://affiliates-backoffice.maxweb.com/app#resources/11440/campaigns,https://affiliates-backoffice.maxweb.com/app#offer-details/11440/Visium%20Pro,https://affiliates-backoffice.maxweb.com/app#sales-by-product/11440/Visium%20Pro
11439,Prostafense TSL,Men's Health,370,"0% Frontend, 0% Backend",backend,89,150,3.18,2.12,0,57813,15.26,0,0,2,0,,https://cdn.softwareprojects.com/productimages/11439/6/22eb_z3_p_g_resized160.png,prostafense_tsl,6,Prostafense TSL,,,
11414,LivCare 2,Weight Loss,382,"0% Frontend, 0% Backend",backend,69,140,2.64,1.89,0,248,0,0,0,2,0,https://www.livcarepro.com/,https://cdn.softwareprojects.com/productimages/11414/2/livca_e8w_jgy_p_g_resized160.png,livcare_two,2,LivCare Two,https://affiliates-backoffice.maxweb.com/app#resources/11414/campaigns,https://affiliates-backoffice.maxweb.com/app#offer-details/11414/LivCare%202,https://affiliates-backoffice.maxweb.com/app#sales-by-product/11414/LivCare%202
11405,NeuroPrime,Brain Health/Memory,414,"0% Frontend, 0% Backend",backend,69,120,2.65,2.21,0,12891,0.2,0,0,2,0,https://theneuroprime.com/go/indexvs.php,https://cdn.softwareprojects.com/productimages/11405/3/_eu_op_ime_ezgif_com_webp_o_p_g_co_ve_e_3iku_p_g_resized160.png,neuroprime,3,NeuroPrime,https://affiliates-backoffice.maxweb.com/app#resources/11405/campaigns,https://affiliates-backoffice.maxweb.com/app#offer-details/11405/NeuroPrime,https://affiliates-backoffice.maxweb.com/app#sales-by-product/11405/NeuroPrime
11404,JointVive,Joint Supplement,462,"0% Frontend, 0% Backend",backend,69,120,2,1.67,0,38137,21.38,0,0,2,0,https://jointvive.com/go/indexvs.php,https://cdn.softwareprojects.com/productimages/11404/3/joi_vive_4b_ls_1_1cwyux_p_g_resized160.png,jointvive,3,JointVive,https://affiliates-backoffice.maxweb.com/app#resources/11404/campaigns,https://affiliates-backoffice.maxweb.com/app#offer-details/11404/JointVive,https://affiliates-backoffice.maxweb.com/app#sales-by-product/11404/JointVive
11390,AquaBurn,Weight Loss,382,"0% Frontend, 0% Backend",backend,69,130,2.37,1.82,0,82905,30.12,0,0,2,0,https://aquaburn.org/,https://cdn.softwareprojects.com/productimages/11390/2/p_oduc_s_ep_lcbvogba_p_g_resized160.png,aquaburn,2,AquaBurn,https://affiliates-backoffice.maxweb.com/app#resources/11390/campaigns,https://affiliates-backoffice.maxweb.com/app#offer-details/11390/AquaBurn,https://affiliates-backoffice.maxweb.com/app#sales-by-product/11390/AquaBurn
11389,Finessa,Gut Health,410,"0% Frontend, 0% Backend",backend,69,120,2.11,1.76,0,176968,24.19,0,0,2,0,https://myfinessa.com/,https://cdn.softwareprojects.com/productimages/11389/2/sigle_b_l_1_ew_fi_essayd3suq_p_g_resized160.png,finessa,2,Finessa,https://affiliates-backoffice.maxweb.com/app#resources/11389/campaigns,https://affiliates-backoffice.maxweb.com/app#offer-details/11389/Finessa,https://affiliates-backoffice.maxweb.com/app#sales-by-product/11389/Finessa
11369,Awaken XT,Brain Health/Memory,414,"0% Frontend, 0% Backend",backend,59,110,1.86,1.69,0,3669,0.31,0,0,2,0,https://awakenxt.com/presentation/indexv.php,https://cdn.softwareprojects.com/productimages/11369/2/awake_x_wi_h2w7e8ml_p_g_resized160.png,awaken_xt,2,Awaken XT,https://affiliates-backoffice.maxweb.com/app#resources/11369/campaigns,https://affiliates-backoffice.maxweb.com/app#offer-details/11369/Awaken%20XT,https://affiliates-backoffice.maxweb.com/app#sales-by-product/11369/Awaken%20XT
11346,David's Shield,Survival,270,"0% Frontend, 0% Backend",backend,39,0,0.45,1.68,0,2,0.95,0,0,2,0,https://getdavidsshield.com/,https://cdn.softwareprojects.com/productimages/11346/2/davidsshield_iep_b_p_g_resized160.png,davids_shield,2,Davids Shield,https://affiliates-backoffice.maxweb.com/app#resources/11346/campaigns,https://affiliates-backoffice.maxweb.com/app#offer-details/11346/David's%20Shield,https://affiliates-backoffice.maxweb.com/app#sales-by-product/11346/David's%20Shield
11345,Joseph's Well,Survival,270,"0% Frontend, 0% Backend",backend,39,0,0.62,1.82,0,2,3.77,0,0,2,0,https://josephwell.com/,https://cdn.softwareprojects.com/productimages/11345/2/bu_dle_1_ezgif6eaqhg_p_g_resized160.png,josephs_well,2,Josephs Well,https://affiliates-backoffice.maxweb.com/app#resources/11345/campaigns,https://affiliates-backoffice.maxweb.com/app#offer-details/11345/Joseph's%20Well,https://affiliates-backoffice.maxweb.com/app#sales-by-product/11345/Joseph's%20Well
11333,FlashBurn,Weight Loss,382,"0% Frontend, 0% Backend",backend,79,170,4.25,2.5,0,128575,27.31,0,0,2,0,https://theflashburn.online/flb-pv-cart-aff-f175-l4/,https://cdn.softwareprojects.com/productimages/11333/2/copia_de_flb_2_po_es_1024x922zfivlj_p_g_resized160.png,flashburn,2,FlashBurn,https://affiliates-backoffice.maxweb.com/app#resources/11333/campaigns,https://affiliates-backoffice.maxweb.com/app#offer-details/11333/FlashBurn,https://affiliates-backoffice.maxweb.com/app#sales-by-product/11333/FlashBurn
11330,NerveAlive,Nerve Health,398,"0% Frontend, 0% Backend",backend,79,170,4.59,2.7,0,171519,15.65,0,0,2,0,https://nervealive.com/vsl-buy/,https://cdn.softwareprojects.com/productimages/11330/2/_e_vealivei8ffb_p_g_resized160.png,nervealive,2,NerveAlive,https://affiliates-backoffice.maxweb.com/app#resources/11330/campaigns,https://affiliates-backoffice.maxweb.com/app#offer-details/11330/NerveAlive,https://affiliates-backoffice.maxweb.com/app#sales-by-product/11330/NerveAlive
11310,Flow Men's Vitality Blend Adv,Men's Health,370,"0% Frontend, 0% Backend",backend,79,130,2.61,2.01,0,2,0.84,0,0,2,0,https://malevitalitysecret.com/,https://cdn.softwareprojects.com/productimages/11310/2/flow_2_bo_lesaigie_p_g_resized160.png,flow_mens_vitality_blend_adv,2,Flow Mens Vitality Blend Adv,https://affiliates-backoffice.maxweb.com/app#resources/11310/campaigns,https://affiliates-backoffice.maxweb.com/app#offer-details/11310/Flow%20Men's%20Vitality%20Blend%20Adv,https://affiliates-backoffice.maxweb.com/app#sales-by-product/11310/Flow%20Men's%20Vitality%20Blend%20Adv
11294,Flush Factor Plus,Health Supplement,282,"0% Frontend, 0% Backend",backend,69,148,3.25,2.2,0,140811,14.17,0,0,2,1,https://theflushfactorplus.com/video.php,https://cdn.softwareprojects.com/productimages/11294/2/flushfac_o_p_oduc_1_w1jzso_p_g_resized160.png,flush_factor_plus,2,Flush Factor Plus,https://affiliates-backoffice.maxweb.com/app#resources/11294/campaigns,https://affiliates-backoffice.maxweb.com/app#offer-details/11294/Flush%20Factor%20Plus,https://affiliates-backoffice.maxweb.com/app#sales-by-product/11294/Flush%20Factor%20Plus
11272,RegenVive,Weight Loss,382,"0% Frontend, 0% Backend",backend,79,140,2.68,1.92,0,31739,1.29,0,0,2,0,https://regainrejuvenate.com/b/report.php,https://cdn.softwareprojects.com/productimages/11272/2/bo_le_label_ezgif_com_webp_o_p_g_co_ve_e_1_qdig1g_p_g_resized160.png,regenvive,2,RegenVive,https://affiliates-backoffice.maxweb.com/app#resources/11272/campaigns,https://affiliates-backoffice.maxweb.com/app#offer-details/11272/RegenVive,https://affiliates-backoffice.maxweb.com/app#sales-by-product/11272/RegenVive
11258,AlphaSurge,Men's Health,370,"0% Frontend, 0% Backend",backend,79,135,2.73,2.1,0,44679,4.01,0,0,2,0,https://heroichustle.com/b/watch-live.php,https://cdn.softwareprojects.com/productimages/11258/2/2_bo_les_00kil_p_g_resized160.png,alphasurge,2,AlphaSurge,https://affiliates-backoffice.maxweb.com/app#resources/11258/campaigns,https://affiliates-backoffice.maxweb.com/app#offer-details/11258/AlphaSurge,https://affiliates-backoffice.maxweb.com/app#sales-by-product/11258/AlphaSurge
11250,VertiAid,Health Supplement,282,"0% Frontend, 0% Backend",backend,69,120,2.64,2.2,0,132986,23.13,0,0,2,1,https://thevertiaid.com/video.php,https://cdn.softwareprojects.com/productimages/11250/2/p_od_1_bo_le_1_beiy2_p_g_resized160.png,vertiaid,2,VertiAid,https://affiliates-backoffice.maxweb.com/app#resources/11250/campaigns,https://affiliates-backoffice.maxweb.com/app#offer-details/11250/VertiAid,https://affiliates-backoffice.maxweb.com/app#sales-by-product/11250/VertiAid
11242,ShinyWilds FB AU,iGaming/Casino,470,"0% Frontend, 0% Backend",backend,0,125,2.5,25,0,11,0,0,0,2,0,https://www.shinywilds.com/,https://cdn.softwareprojects.com/productimages/11242/2/casi_oshi_yz3mm_k_p_g_resized160.png,shinywilds_fb_au,2,ShinyWilds FB AU,,,
11241,ShinyWilds FB CA,iGaming/Casino,470,"0% Frontend, 0% Backend",backend,0,90,2.25,2.5,0,15,0,0,0,2,0,https://www.shinywilds.com/,https://cdn.softwareprojects.com/productimages/11241/2/shi_ywilds_casi_ozyqdfu_p_g_resized160.png,shinywilds_fb_ca,2,ShinyWilds FB CA,,,
11231,CelluFend MW,Diabetes,366,"0% Frontend, 0% Backend",backend,69,135,2.32,1.72,0,30646,0.41,0,0,2,0,https://cellufend.com/v1,https://cdn.softwareprojects.com/productimages/11231/3/cellufe_d_i_g_edie_emxd557_p_g_resized160.png,cellufend_mw,3,CelluFend MW,https://affiliates-backoffice.maxweb.com/app#resources/11231/campaigns,https://affiliates-backoffice.maxweb.com/app#offer-details/11231/CelluFend%20MW,https://affiliates-backoffice.maxweb.com/app#sales-by-product/11231/CelluFend%20MW
11207,Cardio Slim Tea,Heart Health,466,"0% Frontend, 0% Backend",backend,69,130,2.92,2.25,0,111611,16.22,0,0,2,0,https://trycardioslim.com/vsl-5,https://cdn.softwareprojects.com/productimages/11207/3/ca_dioslim_eac11hfs_p_g_resized160.png,cardio_slim_tea,3,Cardio Slim Tea,https://affiliates-backoffice.maxweb.com/app#resources/11207/campaigns,https://affiliates-backoffice.maxweb.com/app#offer-details/11207/Cardio%20Slim%20Tea,https://affiliates-backoffice.maxweb.com/app#sales-by-product/11207/Cardio%20Slim%20Tea
11204,Yu Sleep TSL,Sleep and Dreams,286,"0% Frontend, 0% Backend",backend,69,120,2.28,1.9,0,146618,36.83,0,0,2,0,http://getyusleep.com/tsl,https://cdn.softwareprojects.com/productimages/11204/3/yusleepkpkl_p_g_resized160.png,yu_sleep_tsl,3,Yu Sleep TSL,https://affiliates-backoffice.maxweb.com/app#resources/11204/campaigns,https://affiliates-backoffice.maxweb.com/app#offer-details/11204/Yu%20Sleep%20TSL,https://affiliates-backoffice.maxweb.com/app#sales-by-product/11204/Yu%20Sleep%20TSL
11201,ProstaPeak,Men's Health,370,"0% Frontend, 0% Backend",backend,69,170,3.77,2.22,0,130925,24.49,0,0,2,0,https://prostapeak.com/,https://cdn.softwareprojects.com/productimages/11201/3/1bo_le9xqyi_p_g_resized160.png,prostapeak_adv,3,ProstaPeak Adv,https://affiliates-backoffice.maxweb.com/app#resources/11201/campaigns,https://affiliates-backoffice.maxweb.com/app#offer-details/11201/ProstaPeak,https://affiliates-backoffice.maxweb.com/app#sales-by-product/11201/ProstaPeak
11177,AI Wealth Profit,Money Making,234,"0% Frontend, 0% Backend",backend,67,48,0.53,1.1,0,2661,0.41,0,0,2,0,https://aiwealthprofit.com/,https://cdn.softwareprojects.com/productimages/11177/3/aiweal_hp_ofi_v4l4_s_jpg_resized160.jpg,ai_wealth_profit,3,AI Wealth Profit,,,
11171,LivCare,Weight Loss,382,"0% Frontend, 0% Backend",backend,69,0,1,1.29,0,1740,0,0,0,2,0,https://www.livcarepro.com/,https://cdn.softwareprojects.com/productimages/11171/3/dow_loaded_image_vuozl_p_g_resized160.png,livcare,3,LivCare,https://affiliates-backoffice.maxweb.com/app#resources/11171/campaigns,https://affiliates-backoffice.maxweb.com/app#offer-details/11171/LivCare,https://affiliates-backoffice.maxweb.com/app#sales-by-product/11171/LivCare
11166,ReviTag,Skin/Beauty and Anti-Aging,294,"0% Frontend, 0% Backend",backend,69,120,2.34,1.95,0,30172,2.69,0,0,2,0,https://getrevitag.com/text.php,https://cdn.softwareprojects.com/productimages/11166/3/_sl_p_odjvmkwc_p_g_resized160.png,revitag,3,ReviTag,https://affiliates-backoffice.maxweb.com/app#resources/11166/campaigns,https://affiliates-backoffice.maxweb.com/app#offer-details/11166/ReviTag,https://affiliates-backoffice.maxweb.com/app#sales-by-product/11166/ReviTag
11164,Derila Ergo Pillow Product Page (Original),Ecomm,262,"0% Frontend, 0% Backend",backend,59.99,51,0.75,1.53,0,669180,54.27,0,0,2,0,https://get-derila-ergo.com/derila-ergo/product,https://cdn.softwareprojects.com/productimages/11164/3/a_ima_io_6z78_kc_p_g_resized160.png,derila_ergo_pillow_product_page_(original),3,Derila Ergo Pillow Product Page (Original),,,
11162,MyLendingWallet Adv,Lead Gen,386,"0% Frontend, 0% Backend",backend,0.63,0,1,1.02,0,15870,0.02,0,0,2,0,https://offer.mylendingwallet.com/,https://cdn.softwareprojects.com/productimages/11162/3/logodibviz_p_g_resized160.png,mylendingwallet_adv,3,MyLendingWallet Adv,,,
11159,Oradentum,Dental/Gum Health,406,"0% Frontend, 0% Backend",backend,79,125,2.34,1.87,0,22706,0.91,0,0,2,0,https://tryoradentum.com/cons/,https://cdn.softwareprojects.com/productimages/11159/3/o_ade_umpsu156_p_g_resized160.png,oradentum,3,Oradentum,https://affiliates-backoffice.maxweb.com/app#resources/11159/campaigns,https://affiliates-backoffice.maxweb.com/app#offer-details/11159/Oradentum,https://affiliates-backoffice.maxweb.com/app#sales-by-product/11159/Oradentum
11147,Estro Cleanse Plus,Men's Health,370,"0% Frontend, 0% Backend",backend,29.95,90,1.04,1.16,0,7734,1.18,0,0,2,0,https://partners.primalforce.net/sp/wwt-video/,https://cdn.softwareprojects.com/productimages/11147/3/fa678e5abs3wkz_jpg_resized160.png,estro_cleanse_plus,3,Estro Cleanse Plus,https://affiliates-backoffice.maxweb.com/app#resources/11147/campaigns,https://affiliates-backoffice.maxweb.com/app#offer-details/11147/Estro%20Cleanse%20Plus,https://affiliates-backoffice.maxweb.com/app#sales-by-product/11147/Estro%20Cleanse%20Plus
11144,LeptiCell SS Adv,Weight Loss,382,"0% Frontend, 0% Backend",backend,69,145,2.39,1.65,0,16794,8.12,0,0,2,0,https://www.lepticell.com/pages/rv1/,https://cdn.softwareprojects.com/productimages/11144/3/lep_icellqy_ym33c7ky_jpg_resized160.jpg,lepticell_ss_adv,3,LeptiCell SS Adv,https://affiliates-backoffice.maxweb.com/app#resources/11144/campaigns,https://affiliates-backoffice.maxweb.com/app#offer-details/11144/LeptiCell%20SS%20Adv,https://affiliates-backoffice.maxweb.com/app#sales-by-product/11144/LeptiCell%20SS%20Adv
11142,Prime Boost,Men's Health,370,"0% Frontend, 0% Backend",backend,59.95,120,1.32,1.1,0,12166,1.82,0,0,2,0,https://www.tryprimeboost.com/lp-1/index.php,https://cdn.softwareprojects.com/productimages/11142/3/p_imeboos_1b_lluvkw9_p_g_resized160.png,prime_boost,3,Prime Boost,https://affiliates-backoffice.maxweb.com/app#resources/11142/campaigns,https://affiliates-backoffice.maxweb.com/app#offer-details/11142/Prime%20Boost,https://affiliates-backoffice.maxweb.com/app#sales-by-product/11142/Prime%20Boost
11138, Breathe,Lung Health,474,"0% Frontend, 0% Backend",backend,69,135,2.66,1.97,0,313068,11.91,0,0,2,0,https://lungreset.com/,https://cdn.softwareprojects.com/productimages/11138/3/1_bo_lezdyf_j_p_g_resized160.png,_breathe,3, Breathe,https://affiliates-backoffice.maxweb.com/app#resources/11138/campaigns,https://affiliates-backoffice.maxweb.com/app#offer-details/11138/%20Breathe,https://affiliates-backoffice.maxweb.com/app#sales-by-product/11138/%20Breathe
11136,Belly Button Bliss,Weight Loss,382,"0% Frontend, 0% Backend",backend,69,130,2.44,1.88,0,72142,2.37,0,0,2,0,https://bellybuttonbliss.com/watch/,https://cdn.softwareprojects.com/productimages/11136/3/package_bigx_koec_p_g_resized160.png,belly_button_bliss,3,Belly Button Bliss,https://affiliates-backoffice.maxweb.com/app#resources/11136/campaigns,https://affiliates-backoffice.maxweb.com/app#offer-details/11136/Belly%20Button%20Bliss,https://affiliates-backoffice.maxweb.com/app#sales-by-product/11136/Belly%20Button%20Bliss
11126,Youthful Greens Plus,Brain Health/Memory,414,"0% Frontend, 0% Backend",backend,79,120,2.08,1.73,0,26747,1.79,0,0,2,0,https://www.clearstateofmind.com/ygp/youthful-greens-plus,https://cdn.softwareprojects.com/productimages/11126/3/g_ee_plus7mlf_p_jpg_resized160.jpg,youthful_greens_plus,3,Youthful Greens Plus,https://affiliates-backoffice.maxweb.com/app#resources/11126/campaigns,https://affiliates-backoffice.maxweb.com/app#offer-details/11126/Youthful%20Greens%20Plus,https://affiliates-backoffice.maxweb.com/app#sales-by-product/11126/Youthful%20Greens%20Plus
11114,ProXental,Dental/Gum Health,406,"0% Frontend, 0% Backend",backend,69,90,2.08,2.31,0,20578,9.55,0,0,2,0,https://proxental.com/go/indexnoaffprog.php,https://cdn.softwareprojects.com/productimages/11114/3/p_oxe_al_bo_lebmkffi_p_g_resized160.png,proxental,3,ProXental,https://affiliates-backoffice.maxweb.com/app#resources/11114/campaigns,https://affiliates-backoffice.maxweb.com/app#offer-details/11114/ProXental,https://affiliates-backoffice.maxweb.com/app#sales-by-product/11114/ProXental
11113,VenoPlus 8,Health Supplement,282,"0% Frontend, 0% Backend",backend,69,90,1.93,2.14,0,3493,0.02,0,0,2,0,https://venoplus8.com/go/indexnoaffprog.php,https://cdn.softwareprojects.com/productimages/11113/3/ve_oplus8ld9lpz_p_g_resized160.png,venoplus_8,3,VenoPlus 8,https://affiliates-backoffice.maxweb.com/app#resources/11113/campaigns,https://affiliates-backoffice.maxweb.com/app#offer-details/11113/VenoPlus%208,https://affiliates-backoffice.maxweb.com/app#sales-by-product/11113/VenoPlus%208
11112,SciatiEase Adv Social,,0,"0% Frontend, 0% Backend",backend,69,130,2.34,1.8,0,355243,23.45,0,0,2,0,,https://cdn.softwareprojects.com/productimages/11112/3/1ha_ovh_jpg_resized160.jpg,sciatiease_adv_fb,3,SciatiEase Adv FB,,,
11103,Sciatica Pro,Nerve Health,398,"0% Frontend, 0% Backend",backend,69,115,2.44,2.12,0,357632,21.02,0,0,2,0,https://sciaticahealthtips.com/lp,https://cdn.softwareprojects.com/productimages/11103/2/1b_md9_dxwy_jpg_resized160.jpg,sciatica_pro,2,Sciatica Pro,https://affiliates-backoffice.maxweb.com/app#resources/11103/campaigns,https://affiliates-backoffice.maxweb.com/app#offer-details/11103/Sciatica%20Pro,https://affiliates-backoffice.maxweb.com/app#sales-by-product/11103/Sciatica%20Pro
11099,Vitrafoxin Adv,Brain Health/Memory,414,"0% Frontend, 0% Backend",backend,69,120,2.34,1.95,0,161027,2.45,0,0,2,0,https://vitrafoxin.com/welcome,https://cdn.softwareprojects.com/productimages/11099/3/he_o_g_oupj46l99_p_g_resized160.png,vitrafoxin_adv,3,Vitrafoxin Adv,https://affiliates-backoffice.maxweb.com/app#resources/11099/campaigns,https://affiliates-backoffice.maxweb.com/app#offer-details/11099/Vitrafoxin%20Adv,https://affiliates-backoffice.maxweb.com/app#sales-by-product/11099/Vitrafoxin%20Adv
11098,Akusoli Shoe Insoles Adv,Ecomm,262,"0% Frontend, 0% Backend",backend,29.99,44,0.79,1.81,0,85711,42.39,0,0,2,0,https://get-akusoli.com/,https://cdn.softwareprojects.com/productimages/11098/3/adva_ced_i_soles_v35m9ehf_p_g_resized160.png,akusoli_shoe_insoles_adv,3,Akusoli Shoe Insoles Adv,https://affiliates-backoffice.maxweb.com/app#resources/11098/campaigns,https://affiliates-backoffice.maxweb.com/app#offer-details/11098/Akusoli%20Shoe%20Insoles%20Adv,https://affiliates-backoffice.maxweb.com/app#sales-by-product/11098/Akusoli%20Shoe%20Insoles%20Adv
11097,Ryoko Pro Wifi Router Adv,Ecomm,262,"0% Frontend, 0% Backend",backend,89,60,1.34,2.1,0,40930,0.89,0,0,2,0,https://ryokorouter.com/ryoko-pro/product,https://cdn.softwareprojects.com/productimages/11097/3/_yokop_owifi_hdigg_jpg_resized160.jpg,ryoko_pro_wifi_router_adv,3,Ryoko Pro Wifi Router Adv,https://affiliates-backoffice.maxweb.com/app#resources/11097/campaigns,https://affiliates-backoffice.maxweb.com/app#offer-details/11097/Ryoko%20Pro%20Wifi%20Router%20Adv,https://affiliates-backoffice.maxweb.com/app#sales-by-product/11097/Ryoko%20Pro%20Wifi%20Router%20Adv
11096,Nuubu Detox Foot Patch Adv,Ecomm,262,"0% Frontend, 0% Backend",backend,17.95,28,0.73,2.6,0,19354,10.04,0,0,2,0,https://getnuubu.com/nuubu/product,https://cdn.softwareprojects.com/productimages/11096/3/black_p_oduc_wjexfb_p_g_resized160.png,nuubu_detox_foot_patch_adv,3,Nuubu Detox Foot Patch Adv,https://affiliates-backoffice.maxweb.com/app#resources/11096/campaigns,https://affiliates-backoffice.maxweb.com/app#offer-details/11096/Nuubu%20Detox%20Foot%20Patch%20Adv,https://affiliates-backoffice.maxweb.com/app#sales-by-product/11096/Nuubu%20Detox%20Foot%20Patch%20Adv
11095,Matsato Chef Knife Adv,Ecomm,262,"0% Frontend, 0% Backend",backend,29.95,36,0.81,2.25,0,82611,11.72,0,0,2,0,https://get-matsato.com/matsato/product,https://cdn.softwareprojects.com/productimages/11095/3/clea_heade_imgho_fsf_p_g_resized160.png,matsato_chef_knife_adv,3,Matsato Chef Knife Adv,https://affiliates-backoffice.maxweb.com/app#resources/11095/campaigns,https://affiliates-backoffice.maxweb.com/app#offer-details/11095/Matsato%20Chef%20Knife%20Adv,https://affiliates-backoffice.maxweb.com/app#sales-by-product/11095/Matsato%20Chef%20Knife%20Adv
11085,The Memory Wave Adv,Health Digital,246,"0% Frontend, 0% Backend",backend,39,0,1.95,1.95,6.68,8797,0.07,0,0,2,0,https://memorywaveoriginal.com/video/,https://cdn.softwareprojects.com/productimages/11085/3/s19p_dh_gjow_p_g_resized160.png,the_memory_wave_adv,3,The Memory Wave Adv,https://affiliates-backoffice.maxweb.com/app#resources/11085/campaigns,https://affiliates-backoffice.maxweb.com/app#offer-details/11085/The%20Memory%20Wave%20Adv,https://affiliates-backoffice.maxweb.com/app#sales-by-product/11085/The%20Memory%20Wave%20Adv
11080,Nervozen MW,Nerve Health,398,"0% Frontend, 0% Backend",backend,69,115,1.61,1.4,0,27594,0.26,0,0,2,0,https://nervozen.com/report,https://cdn.softwareprojects.com/productimages/11080/3/_e_voze_1_humbbcm_ak_jpg_resized160.jpg,nervozen_mw,3,Nervozen MW,https://affiliates-backoffice.maxweb.com/app#resources/11080/campaigns,https://affiliates-backoffice.maxweb.com/app#offer-details/11080/Nervozen%20MW,https://affiliates-backoffice.maxweb.com/app#sales-by-product/11080/Nervozen%20MW
11079,Erecsurge MW,Men's Health,370,"0% Frontend, 0% Backend",backend,69,120,2.4,2,0,28651,0.72,0,0,2,0,https://erecsurge.com/report,https://cdn.softwareprojects.com/productimages/11079/3/mockup2jbv4ee_jpg_resized160.jpg,erecsurge_mw,3,Erecsurge MW,https://affiliates-backoffice.maxweb.com/app#resources/11079/campaigns,https://affiliates-backoffice.maxweb.com/app#offer-details/11079/Erecsurge%20MW,https://affiliates-backoffice.maxweb.com/app#sales-by-product/11079/Erecsurge%20MW
11078,Leptozan MW,Weight Loss,382,"0% Frontend, 0% Backend",backend,79,155,3.41,2.2,0,61982,3.09,0,0,2,0,https://www.leptozan.com/newdiscovery/,https://cdn.softwareprojects.com/productimages/11078/3/lep_oza_ocxjo_p_g_resized160.png,leptozan_mw,3,Leptozan MW,https://affiliates-backoffice.maxweb.com/app#resources/11078/campaigns,https://affiliates-backoffice.maxweb.com/app#offer-details/11078/Leptozan%20MW,https://affiliates-backoffice.maxweb.com/app#sales-by-product/11078/Leptozan%20MW
11077,Kerafen MW,Fungus,390,"0% Frontend, 0% Backend",backend,69,115,1.21,1.05,0,7671,0.01,0,0,2,0,https://kerafen.com/report,https://cdn.softwareprojects.com/productimages/11077/3/ke_afe_1dpmv4w_p_g_resized160.png,kerafen_mw,3,Kerafen MW,https://affiliates-backoffice.maxweb.com/app#resources/11077/campaigns,https://affiliates-backoffice.maxweb.com/app#offer-details/11077/Kerafen%20MW,https://affiliates-backoffice.maxweb.com/app#sales-by-product/11077/Kerafen%20MW
11076,Gluco Ally MW,Diabetes,366,"0% Frontend, 0% Backend",backend,69,115,1.96,1.7,0,33365,0.08,0,0,2,0,https://glucoally.com/report,https://cdn.softwareprojects.com/productimages/11076/3/glucoally_mockup59xo7z_jpg_resized160.jpg,gluco_ally_mw,3,Gluco Ally MW,https://affiliates-backoffice.maxweb.com/app#resources/11076/campaigns,https://affiliates-backoffice.maxweb.com/app#offer-details/11076/Gluco%20Ally%20MW,https://affiliates-backoffice.maxweb.com/app#sales-by-product/11076/Gluco%20Ally%20MW
11075,Flow Care Pro MW,Men's Health,370,,,69,120,2.27,1.89,0,19810,0.13,0,0,2,0,https://flowcarepro.com/report,https://cdn.softwareprojects.com/productimages/11075/3/flow_ca_e_p_ozpq_ym_p_g_resized160.png,flow_care_pro_mw,3,Flow Care Pro MW,https://affiliates-backoffice.maxweb.com/app#resources/11075/campaigns,https://affiliates-backoffice.maxweb.com/app#offer-details/11075/Flow%20Care%20Pro%20MW,https://affiliates-backoffice.maxweb.com/app#sales-by-product/11075/Flow%20Care%20Pro%20MW
11068,InsuFend MW,Diabetes,366,"0% Frontend, 0% Backend",backend,69,130,3.12,2.4,0,31804,8.52,0,0,2,0,https://insufend.com/v1,https://cdn.softwareprojects.com/productimages/11068/3/3bf1v_w_p_g_resized160.png,insufend_mw,3,InsuFend MW,https://affiliates-backoffice.maxweb.com/app#resources/11068/campaigns,https://affiliates-backoffice.maxweb.com/app#offer-details/11068/InsuFend%20MW,https://affiliates-backoffice.maxweb.com/app#sales-by-product/11068/InsuFend%20MW
11067,Nerve Revive 360 MW,Nerve Health,398,"0% Frontend, 0% Backend",backend,69,110,2.2,2,0,8846,1.46,0,0,2,0,https://nerverevive360.com/video,https://cdn.softwareprojects.com/productimages/11067/3/1bzlxoh_jpg_resized160.jpg,nerve_revive_360_mw,3,Nerve Revive 360 MW,https://affiliates-backoffice.maxweb.com/app#resources/11067/campaigns,https://affiliates-backoffice.maxweb.com/app#offer-details/11067/Nerve%20Revive%20360%20MW,https://affiliates-backoffice.maxweb.com/app#sales-by-product/11067/Nerve%20Revive%20360%20MW
11066,Goliath XL MW,Men's Health,370,"0% Frontend, 0% Backend",backend,69,125,2.38,1.9,0,82811,0.28,0,0,2,0,https://goliathxl10.com/video,https://cdn.softwareprojects.com/productimages/11066/3/2hc2g_jpg_resized160.jpg,goliath_xl_mw,3,Goliath XL MW,https://affiliates-backoffice.maxweb.com/app#resources/11066/campaigns,https://affiliates-backoffice.maxweb.com/app#offer-details/11066/Goliath%20XL%20MW,https://affiliates-backoffice.maxweb.com/app#sales-by-product/11066/Goliath%20XL%20MW
11065,Primordial Vigor X MW,Men's Health,370,"0% Frontend, 0% Backend",backend,69,125,2.75,2.2,0,15251,4.23,0,0,2,0,https://primordialvigorx.com/video,https://cdn.softwareprojects.com/productimages/11065/3/1_6aa6k_jpg_resized160.jpg,primordial_vigor_x_mw,3,Primordial Vigor X MW,https://affiliates-backoffice.maxweb.com/app#resources/11065/campaigns,https://affiliates-backoffice.maxweb.com/app#offer-details/11065/Primordial%20Vigor%20X%20MW,https://affiliates-backoffice.maxweb.com/app#sales-by-product/11065/Primordial%20Vigor%20X%20MW
11051,Home Grid Freedom Adv,Survival,270,"0% Frontend, 0% Backend",backend,39,48,0.79,1.65,0,374,0.09,0,0,2,0,https://homegridfreedom.com/vslmw/,https://cdn.softwareprojects.com/productimages/11051/3/homeg_idp_eviewcove_1_768x457pkly86_p_g_resized160.png,home_grid_freedom_adv,3,Home Grid Freedom Adv,https://affiliates-backoffice.maxweb.com/app#resources/11051/campaigns,https://affiliates-backoffice.maxweb.com/app#offer-details/11051/Home%20Grid%20Freedom%20Adv,https://affiliates-backoffice.maxweb.com/app#sales-by-product/11051/Home%20Grid%20Freedom%20Adv
11050,Hendershot Generator Adv,Survival,270,"0% Frontend, 0% Backend",backend,39,48,1.7,3.55,0,3387,0.12,0,0,2,0,https://hendershotpowergenerator.com/vslmw1/,https://cdn.softwareprojects.com/productimages/11050/3/he_de_sho_ge_e_a_o_lhaloa_p_g_resized160.png,hendershot_generator_adv,3,Hendershot Generator Adv,https://affiliates-backoffice.maxweb.com/app#resources/11050/campaigns,https://affiliates-backoffice.maxweb.com/app#offer-details/11050/Hendershot%20Generator%20Adv,https://affiliates-backoffice.maxweb.com/app#sales-by-product/11050/Hendershot%20Generator%20Adv
11029,Denti Strength New Adv,Dental/Gum Health,406,"0% Frontend, 0% Backend",backend,69,120,2.22,1.85,0,19002,0.92,0,0,2,0,https://dentistrength.com/discovery/v6/video.php,https://cdn.softwareprojects.com/productimages/11029/3/618h3j_06zlb5c2pu_jpg_resized160.jpg,denti_strength_new_adv,3,Denti Strength New Adv,https://affiliates-backoffice.maxweb.com/app#resources/11029/campaigns,https://affiliates-backoffice.maxweb.com/app#offer-details/11029/Denti%20Strength%20New%20Adv,https://affiliates-backoffice.maxweb.com/app#sales-by-product/11029/Denti%20Strength%20New%20Adv
11014,GlucoTrust German MW,German,358,"0% Frontend, 0% Backend",backend,69,140,3.23,2.31,0,6590,0.36,0,0,2,1,https://pronutraquest.com/vsl-page-8860-7414-8519,https://cdn.softwareprojects.com/productimages/11014/3/gluco_us_k_f33_p_g_resized160.png,glucotrust_german_mw,3,GlucoTrust German MW,https://affiliates-backoffice.maxweb.com/app#resources/11014/campaigns,https://affiliates-backoffice.maxweb.com/app#offer-details/11014/GlucoTrust%20German%20MW,https://affiliates-backoffice.maxweb.com/app#sales-by-product/11014/GlucoTrust%20German%20MW
11012,Infinity Casino CA SMS,iGaming/Casino,470,"0% Frontend, 0% Backend",backend,0,135,2.4,11,0,11,0,0,0,2,0,https://4cas8uytr.com/ca/,https://cdn.softwareprojects.com/productimages/11012/3/casi_o_i_fi_i_y_logodhhwfe_jpg_resized160.jpg,infinity_casino_ca_sms,3,Infinity Casino CA SMS,,,
11011,EvoSpin Casino CA SMS,iGaming/Casino,470,"0% Frontend, 0% Backend",backend,150,135,2.5,11,0,733,0,0,0,2,0,https://evo.playlink.me/en/,https://cdn.softwareprojects.com/productimages/11011/3/xg4f8_evospi_logol3pbjs_p_g_resized160.png,evospin_casino_ca_sms,3,EvoSpin Casino CA SMS,,,
11010,1Red Sports & Casino CA SMS,iGaming/Casino,470,"0% Frontend, 0% Backend",backend,0,135,2.5,10,0,655,0.02,0,0,2,0,https://red.playred.fun/en-CA/,https://cdn.softwareprojects.com/productimages/11010/3/1_edcasi_ovfwuhz_p_g_resized160.png,1red_sports___casino_ca_sms,3,1Red Sports & Casino CA SMS,,,
11002,Black Beard Machete Adv,Survival,270,"0% Frontend, 0% Backend",backend,19.99,25,0.39,1.35,0,83,0.06,0,0,2,0,https://secured.surviveinsight.com/blackbeard-machete,https://cdn.softwareprojects.com/productimages/11002/3/mache_e_o_fi_epi_fyb2dz_jpg_resized160.jpg,black_beard_machete_adv,3,Black Beard Machete Adv,https://affiliates-backoffice.maxweb.com/app#resources/11002/campaigns,https://affiliates-backoffice.maxweb.com/app#offer-details/11002/Black%20Beard%20Machete%20Adv,https://affiliates-backoffice.maxweb.com/app#sales-by-product/11002/Black%20Beard%20Machete%20Adv
11001,Dark Force Night Vision Adv,Survival,270,,,99,65,1.33,2.05,0,7611,0.09,0,0,2,0,https://secured.surviveinsight.com/darkforce-nv-binocs-c53,https://cdn.softwareprojects.com/productimages/11001/3/df_a_spx59suy_p_g_resized160.png,dark_force_night_vision_adv,3,Dark Force Night Vision Adv,https://affiliates-backoffice.maxweb.com/app#resources/11001/campaigns,https://affiliates-backoffice.maxweb.com/app#offer-details/11001/Dark%20Force%20Night%20Vision%20Adv,https://affiliates-backoffice.maxweb.com/app#sales-by-product/11001/Dark%20Force%20Night%20Vision%20Adv
10994,Respilean MW,Health Supplement,282,"0% Frontend, 0% Backend",backend,69,115,2.82,2.45,0,43105,0.19,0,0,2,0,https://respilean.com/report,https://cdn.softwareprojects.com/productimages/10994/3/_espilea_1_humb_x25fo_jpg_resized160.jpg,respilean_mw,3,Respilean MW,https://affiliates-backoffice.maxweb.com/app#resources/10994/campaigns,https://affiliates-backoffice.maxweb.com/app#offer-details/10994/Respilean%20MW,https://affiliates-backoffice.maxweb.com/app#sales-by-product/10994/Respilean%20MW
10990,VivoGut MW,Gut Health,410,"0% Frontend, 0% Backend",backend,79,125,2.75,2.2,0,65546,21.9,0,0,2,1,https://tryvivogutpro.com/emo/,https://cdn.softwareprojects.com/productimages/10990/3/vivogu_mkpf36_p_g_resized160.png,vivogut_mw,3,VivoGut MW,https://affiliates-backoffice.maxweb.com/app#resources/10990/campaigns,https://affiliates-backoffice.maxweb.com/app#offer-details/10990/VivoGut%20MW,https://affiliates-backoffice.maxweb.com/app#sales-by-product/10990/VivoGut%20MW
10989,Playio SEO Adv,iGaming/Casino,470,"0% Frontend, 0% Backend",backend,0,330,1,1,0,4,0,0,0,2,0,https://8plytdert.com/at,https://cdn.softwareprojects.com/productimages/10989/3/playio00w2l_jpg_resized160.jpg,playio_seo_adv,3,Playio SEO Adv,,,
10988,Playio Social Adv,iGaming/Casino,470,"0% Frontend, 0% Backend",backend,0,170,1,1,0,7,0,0,0,2,0,https://8plytdert.com/at/registration,https://cdn.softwareprojects.com/productimages/10988/3/playioibpimv_jpg_resized160.jpg,playio_social_adv,3,Playio Social Adv,,,
10959,BladderShield Adv,Health Supplement,282,"0% Frontend, 0% Backend",backend,69,125,2.22,1.78,0,97871,5.85,0,0,2,0,https://www.trybladdershield.com/vsl/med/hacev1_0/video.php,https://cdn.softwareprojects.com/productimages/10959/3/bladde_shieldbgw_by_p_g_resized160.png,bladdershield_adv,3,BladderShield Adv,https://affiliates-backoffice.maxweb.com/app#resources/10959/campaigns,https://affiliates-backoffice.maxweb.com/app#offer-details/10959/BladderShield%20Adv,https://affiliates-backoffice.maxweb.com/app#sales-by-product/10959/BladderShield%20Adv
10947,1Red Sports & Casino CA,iGaming/Casino,470,"0% Frontend, 0% Backend",backend,0,160,2.5,28,0,36,0,0,0,2,0,https://red.playred.fun/,https://cdn.softwareprojects.com/productimages/10947/3/1_edcasi_oxzufwl_p_g_resized160.png,1red_sports___casino_ca,3,1Red Sports & Casino CA,,,
10940,NiteHush Pro,Sleep and Dreams,286,"0% Frontend, 0% Backend",backend,69,120,2.64,2.2,0,46364,7.41,0,0,2,1,https://thenitehushpro.com/video.php,https://cdn.softwareprojects.com/productimages/10940/3/_i_ehushha03_k_p_g_resized160.png,nitehush_pro,3,NiteHush Pro,https://affiliates-backoffice.maxweb.com/app#resources/10940/campaigns,https://affiliates-backoffice.maxweb.com/app#offer-details/10940/NiteHush%20Pro,https://affiliates-backoffice.maxweb.com/app#sales-by-product/10940/NiteHush%20Pro
10936,GlycoFortin Adv,Liver Health,434,"0% Frontend, 0% Backend",backend,69,120,2.52,2.1,0,47438,6.47,0,0,2,1,https://theglycofortin.com/video.php,https://cdn.softwareprojects.com/productimages/10936/3/glycofo_i_hefu1y_jpg_resized160.jpg,glycofortin_adv,3,GlycoFortin Adv,https://affiliates-backoffice.maxweb.com/app#resources/10936/campaigns,https://affiliates-backoffice.maxweb.com/app#offer-details/10936/GlycoFortin%20Adv,https://affiliates-backoffice.maxweb.com/app#sales-by-product/10936/GlycoFortin%20Adv
10883,Gluco Armor,Diabetes,366,$145.00 CPA,cpa,79,155,4.01,2.59,0,906601,64.99,0,0,2,0,https://glycosafe.com/b/report.php,https://cdn.softwareprojects.com/productimages/10883/3/glucoa_mo_llvmob_p_g_resized160.png,gluco_armor,3,Gluco Armor,https://affiliates-backoffice.maxweb.com/app#resources/10883/campaigns,https://affiliates-backoffice.maxweb.com/app#offer-details/10883/Gluco%20Armor,https://affiliates-backoffice.maxweb.com/app#sales-by-product/10883/Gluco%20Armor
10878,Neuro Serge,Brain Health/Memory,414,"0% Frontend, 0% Backend",backend,69,170,3.49,2.05,0,46192,9.27,0,0,2,0,https://getneurosurge.com/,https://cdn.softwareprojects.com/productimages/10878/3/_eu_o_su_ge_hiwwl_p_g_resized160.png,neuro_surge,3,Neuro Surge,https://affiliates-backoffice.maxweb.com/app#resources/10878/campaigns,https://affiliates-backoffice.maxweb.com/app#offer-details/10878/Neuro%20Serge,https://affiliates-backoffice.maxweb.com/app#sales-by-product/10878/Neuro%20Serge
10874,Tinnitrol MW,Health Supplement,282,"0% Frontend, 0% Backend",backend,68,135,2.67,1.98,0,769165,59.74,0,0,2,0,https://audivive.com/b/report.php,https://cdn.softwareprojects.com/productimages/10874/3/_i_i_olh6vivc_jpg_resized160.jpg,tinnitrol_mw,3,Tinnitrol MW,https://affiliates-backoffice.maxweb.com/app#resources/10874/campaigns,https://affiliates-backoffice.maxweb.com/app#offer-details/10874/Tinnitrol%20MW,https://affiliates-backoffice.maxweb.com/app#sales-by-product/10874/Tinnitrol%20MW
10859,T-Max Adv,Men's Health,370,"0% Frontend, 0% Backend",backend,49.99,130,1.88,1.45,0,71668,0.64,0,0,2,0,https://partners.primalforce.net/sp/transcript-tmax-root-copy/,https://cdn.softwareprojects.com/productimages/10859/3/_max_p_oduc_1d_swx_jpg_resized160.jpg,t_max_adv,3,T-Max Adv,https://affiliates-backoffice.maxweb.com/app#resources/10859/campaigns,https://affiliates-backoffice.maxweb.com/app#offer-details/10859/T-Max%20Adv,https://affiliates-backoffice.maxweb.com/app#sales-by-product/10859/T-Max%20Adv
10841,PrimeBiome MW,Skin/Beauty and Anti-Aging,294,"0% Frontend, 0% Backend",backend,69,140,2.94,2.1,0,107106,14.11,0,0,2,1,https://theprimebiome.com/video.php,https://cdn.softwareprojects.com/productimages/10841/3/p_imebiomepbmzz_p_g_resized160.png,primebiome_mw,3,PrimeBiome MW,https://affiliates-backoffice.maxweb.com/app#resources/10841/campaigns,https://affiliates-backoffice.maxweb.com/app#offer-details/10841/PrimeBiome%20MW,https://affiliates-backoffice.maxweb.com/app#sales-by-product/10841/PrimeBiome%20MW
10839,Lymphatic System Support New,Health Supplement,282,"0% Frontend, 0% Backend",backend,26.1,110,2.52,2.1,0,3536,0.04,0,0,2,0,https://lymphflowsupport.com/presentation,https://cdn.softwareprojects.com/productimages/10839/3/of1_xlbwmpkx_p_g_resized160.png,lymphatic_system_support_new,3,Lymphatic System Support New,,,
10831,1Red Sports & Casino UK,iGaming/Casino,470,"0% Frontend, 0% Backend",backend,0,160,23.02,14.39,0,24,0,0,0,2,0,https://red.playred.fun/en-GH,https://cdn.softwareprojects.com/productimages/10831/3/1_edcasi_o_qblea_p_g_resized160.png,1red_sports___casino_uk,3,1Red Sports & Casino UK,,,
10828,EchoXen MW,Health Supplement,282,"0% Frontend, 0% Backend",backend,69,135,1.75,1.3,0,53390,1.2,0,0,2,0,https://buyechoxen.com/vsl,https://cdn.softwareprojects.com/productimages/10828/3/echoxe_mwzsuedv_jpg_resized160.jpg,echoxen_mw,3,EchoXen MW,https://affiliates-backoffice.maxweb.com/app#resources/10828/campaigns,https://affiliates-backoffice.maxweb.com/app#offer-details/10828/EchoXen%20MW,https://affiliates-backoffice.maxweb.com/app#sales-by-product/10828/EchoXen%20MW
10823,True Love Manifested RS,General,222,"0% Frontend, 0% Backend",backend,47,0,0.9,1.39,0,0,0,0,0,2,0,https://truelovemanifested.com/text-v1/,https://cdn.softwareprojects.com/productimages/10823/3/11xicypb_p_g_resized160.png,true_love_manifested_rs,3,True Love Manifested RS,,,
10813,Titan Transform,Men's Health,370,"0% Frontend, 0% Backend",backend,69,145,3.5,2.42,0,642432,67.07,0,0,2,0,,https://cdn.softwareprojects.com/productimages/10813/3/_i_a_a_sfo_m7jyesu_jpg_resized160.jpg,asdfg5ga,3,Titan Transform,https://affiliates-backoffice.maxweb.com/app#resources/10813/campaigns,https://affiliates-backoffice.maxweb.com/app#offer-details/10813/Titan%20Transform,https://affiliates-backoffice.maxweb.com/app#sales-by-product/10813/Titan%20Transform
10811,BetUs MW,iGaming/Casino,470,"0% Frontend, 0% Backend",backend,0,135,19.5,15,0,202,0.01,0,0,2,0,https://www.betus.com.pa/bounce.aspx,https://cdn.softwareprojects.com/productimages/10811/3/be_uscasi_ojjgb_m_jpg_resized160.jpg,betus_mw,3,BetUs MW,https://affiliates-backoffice.maxweb.com/app#resources/10811/campaigns,https://affiliates-backoffice.maxweb.com/app#offer-details/10811/BetUs%20MW,https://affiliates-backoffice.maxweb.com/app#sales-by-product/10811/BetUs%20MW
10810,SlotsParadise MW,iGaming/Casino,470,"0% Frontend, 0% Backend",backend,0,135,15.6,12,0,146,0.01,0,0,2,0,https://slotsparadise.com/,https://cdn.softwareprojects.com/productimages/10810/3/slo_s_pa_adisexvgx7v_jpg_resized160.jpg,slotsparadise_mw,3,SlotsParadise MW,,,
10809,VegasAces MW,iGaming/Casino,470,"0% Frontend, 0% Backend",backend,0,135,16.9,13,0,203,0.03,0,0,2,0,,https://cdn.softwareprojects.com/productimages/10809/3/vegasacesf5h0bw_jpg_resized160.jpg,vegasaces_mw,3,VegasAces MW,,,
10753,LottoChamp MW,,0,"0% Frontend, 0% Backend",backend,79,120,2.18,1.82,0,39096,4.79,0,0,2,0,,https://cdn.softwareprojects.com/productimages/10753/3/lo_ochamp1joyz_jpg_resized160.jpg,lottochamp_mw,3,LottoChamp MW,https://affiliates-backoffice.maxweb.com/app#resources/10753/campaigns,https://affiliates-backoffice.maxweb.com/app#offer-details/10753/LottoChamp%20MW,https://affiliates-backoffice.maxweb.com/app#sales-by-product/10753/LottoChamp%20MW
10723,GwCasino,iGaming/Casino,470,"0% Frontend, 0% Backend",backend,0,260,1.99,17,0,1250,0.01,0,0,2,0,https://www.gwcasino340.com/en,https://cdn.softwareprojects.com/productimages/10723/2/gwcasi_olk3igp_p_g_resized160.png,gwcasino,2,GwCasino,,,
10707,NeoSpin Sports Casino,iGaming/Casino,470,"0% Frontend, 0% Backend",backend,0,110,1.5,30,0,62,0.01,0,0,2,0,,https://cdn.softwareprojects.com/productimages/10707/3/_eospi_x_cwgh_jpg_resized160.jpg,neospin_sports_casino,3,NeoSpin Sports Casino,,,
10682,AppaNail MW,Fungus,390,"0% Frontend, 0% Backend",backend,79,125,2.4,1.92,0,25362,0,0,0,2,0,,https://cdn.softwareprojects.com/productimages/10682/3/appa_ailx0hpab_jpg_resized160.jpg,appanail_mw,3,AppaNail MW,https://affiliates-backoffice.maxweb.com/app#resources/10682/campaigns,https://affiliates-backoffice.maxweb.com/app#offer-details/10682/AppaNail%20MW,https://affiliates-backoffice.maxweb.com/app#sales-by-product/10682/AppaNail%20MW
10673,Whispeara MW,Health Supplement,282,"0% Frontend, 0% Backend",backend,69,125,2.81,2.25,0,64697,2.01,0,0,2,0,https://getwhispeara.com/b/report.php,https://cdn.softwareprojects.com/productimages/10673/3/whispea_afwi439_jpg_resized160.jpg,whispeara_mw,3,Whispeara MW,https://affiliates-backoffice.maxweb.com/app#resources/10673/campaigns,https://affiliates-backoffice.maxweb.com/app#offer-details/10673/Whispeara%20MW,https://affiliates-backoffice.maxweb.com/app#sales-by-product/10673/Whispeara%20MW
10670,Betting Gods,iGaming/Casino,470,"0% Frontend, 0% Backend",backend,20,7,0.09,1.25,0,970,0.08,0,0,2,0,https://bettinggods.com/,https://cdn.softwareprojects.com/productimages/10670/2/logo_fi_al_16ja_p_xyzg_p_g_resized160.png,betting_gods,2,Betting Gods,https://affiliates-backoffice.maxweb.com/app#resources/10670/campaigns,https://affiliates-backoffice.maxweb.com/app#offer-details/10670/Betting%20Gods,https://affiliates-backoffice.maxweb.com/app#sales-by-product/10670/Betting%20Gods
10637,Nu Nerve,Health Supplement,282,"0% Frontend, 0% Backend",backend,69,125,2.97,2.17,0,25981,1.74,0,0,2,0,https://trynunerve.com/vsl,https://cdn.softwareprojects.com/productimages/10637/3/_u_e_vesxewa5_jpg_resized160.jpg,nu_nerve,3,Nu Nerve,,,
10612,Betzino Email,iGaming/Casino,470,"0% Frontend, 0% Backend",backend,0,100,20.4,17,0,1093,0.06,0,0,2,0,https://www.betzino.com/register/,https://cdn.softwareprojects.com/productimages/10612/2/be_zi_oesyfhh_p_g_resized160.png,betzino_email,2,Betzino Email,https://affiliates-backoffice.maxweb.com/app#resources/10612/campaigns,https://affiliates-backoffice.maxweb.com/app#offer-details/10612/Betzino%20Email,https://affiliates-backoffice.maxweb.com/app#sales-by-product/10612/Betzino%20Email
10611,Betzino PPC Direct,iGaming/Casino,470,"0% Frontend, 0% Backend",backend,0,280,1.98,17.5,0,5,0,0,0,2,0,https://www.betzino.com/register/,https://cdn.softwareprojects.com/productimages/10611/2/be_zi_ocm8qmm_p_g_resized160.png,betzino_ppc,2,Betzino PPC,https://affiliates-backoffice.maxweb.com/app#resources/10611/campaigns,https://affiliates-backoffice.maxweb.com/app#offer-details/10611/Betzino%20PPC%20Direct,https://affiliates-backoffice.maxweb.com/app#sales-by-product/10611/Betzino%20PPC%20Direct
10577,DentaSmile Pro VSL 2,Dental/Gum Health,406,"0% Frontend, 0% Backend",backend,79,120,2.35,1.96,0,3884,3.27,0,0,2,1,https://getdentasmilepro.com/mon2/,https://cdn.softwareprojects.com/productimages/10577/2/de_asmilevifesh_p_g_resized160.png,dentasmile_pro,2,DentaSmile Pro,https://affiliates-backoffice.maxweb.com/app#resources/10577/campaigns,https://affiliates-backoffice.maxweb.com/app#offer-details/10577/DentaSmile%20Pro%20VSL%202,https://affiliates-backoffice.maxweb.com/app#sales-by-product/10577/DentaSmile%20Pro%20VSL%202
10428,FelixSpin,iGaming/Casino,470,"0% Frontend, 0% Backend",backend,0,160,28.8,18,0,279,0.01,0,0,2,0,https://felixspin.com/not-allowed,https://cdn.softwareprojects.com/productimages/10428/2/felixspi_l69pi_p_g_resized160.png,felixspin,2,FelixSpin,,,
10426,Booster XT ,Men's Health,370,"0% Frontend, 0% Backend",backend,89,120,2.76,2.3,0,92901,5.37,0,0,2,0,https://boosterxt24.com/about/,https://cdn.softwareprojects.com/productimages/10426/2/wj_y70bcksalb4_p_g_resized160.png,booster_xt_,2,Booster XT ,https://affiliates-backoffice.maxweb.com/app#resources/10426/campaigns,https://affiliates-backoffice.maxweb.com/app#offer-details/10426/Booster%20XT%20,https://affiliates-backoffice.maxweb.com/app#sales-by-product/10426/Booster%20XT%20
10386,Hugo Casino,iGaming/Casino,470,"0% Frontend, 0% Backend",backend,150,130,27.3,21,0,1042,0.01,0,0,2,0,https://hugocasino07.com/de,https://cdn.softwareprojects.com/productimages/10386/2/hugo52k5gb_p_g_resized160.png,hugo_casino,2,Hugo Casino,,,
10363,GlucoGuard Pro,Diabetes,366,"0% Frontend, 0% Backend",backend,59,120,1.68,1.4,0,84984,1.41,0,0,2,1, https://glucoguardpro24.com/ancient-secret-6975,https://cdn.softwareprojects.com/productimages/10363/2/glucogua_dp_o9lm5x_p_g_resized160.png,gluco_guard_pro,2,Gluco Guard Pro,https://affiliates-backoffice.maxweb.com/app#resources/10363/campaigns,https://affiliates-backoffice.maxweb.com/app#offer-details/10363/GlucoGuard%20Pro,https://affiliates-backoffice.maxweb.com/app#sales-by-product/10363/GlucoGuard%20Pro
10360,Total Control 24,Men's Health,370,"0% Frontend, 0% Backend",backend,69,125,2.38,1.9,0,21126,1.05,0,0,2,0,https://buytc24.com/discovery,https://cdn.softwareprojects.com/productimages/10360/2/_c24da9pbk_p_g_resized160.png,tc24,2,TC24,https://affiliates-backoffice.maxweb.com/app#resources/10360/campaigns,https://affiliates-backoffice.maxweb.com/app#offer-details/10360/Total%20Control%2024,https://affiliates-backoffice.maxweb.com/app#sales-by-product/10360/Total%20Control%2024
10299,1Red Casino,iGaming/Casino,470,"0% Frontend, 0% Backend",backend,0,110,23,21,0,856,0.01,0,0,2,0,,https://cdn.softwareprojects.com/productimages/10299/3/ke_pe_yo_fo_o_2024_12_20_13_32_5383bmy1_p_g_resized160.png,1red_sports___casino,3,1Red Sports & Casino,,,
10294,Focus IQ,Brain Health/Memory,414,"0% Frontend, 0% Backend",backend,59.95,100,1.39,1.38,0,13864,0.73,0,0,2,0,https://partners.primalforce.net/sp/tesla-vsl-summit/,https://cdn.softwareprojects.com/productimages/10294/2/focus_iq_2024_si_gle_1kbg_4u_p_g_resized160.png,focus_iq,2,Focus IQ,https://affiliates-backoffice.maxweb.com/app#resources/10294/campaigns,https://affiliates-backoffice.maxweb.com/app#offer-details/10294/Focus%20IQ,https://affiliates-backoffice.maxweb.com/app#sales-by-product/10294/Focus%20IQ
10293,Gluco Extend,Diabetes,366,"0% Frontend, 0% Backend",backend,69,170,2.35,1.38,0,72550,6.62,0,0,2,0,https://glucoextend.com/,https://cdn.softwareprojects.com/productimages/10293/2/glucoex_e_d_01e7ypys_p_g_resized160.png,gluco_extend,2,Gluco Extend,https://affiliates-backoffice.maxweb.com/app#resources/10293/campaigns,https://affiliates-backoffice.maxweb.com/app#offer-details/10293/Gluco%20Extend,https://affiliates-backoffice.maxweb.com/app#sales-by-product/10293/Gluco%20Extend
10286,FatBurner Elite,Weight Loss,382,"0% Frontend, 0% Backend",backend,59,130,2.01,1.55,0,8700,0.07,0,0,2,1,https://www.fatburnerelite.com/44928348,https://cdn.softwareprojects.com/productimages/10286/2/66c38e0e89ee1_1z17sk_p_g_esized3338uyd9a_p_g_resized160.png,fatburner_elite,2,FatBurner Elite,https://affiliates-backoffice.maxweb.com/app#resources/10286/campaigns,https://affiliates-backoffice.maxweb.com/app#offer-details/10286/FatBurner%20Elite,https://affiliates-backoffice.maxweb.com/app#sales-by-product/10286/FatBurner%20Elite
10216,VigoSurge,Men's Health,370,"0% Frontend, 0% Backend",backend,79,120,1.67,1.45,0,35923,0.57,0,0,2,0,https://tryvigosurge.com/vs-discovery/,https://cdn.softwareprojects.com/productimages/10216/2/fe_box_1adhilq_p_g_resized160.png,vigosurge,2,VigoSurge,https://affiliates-backoffice.maxweb.com/app#resources/10216/campaigns,https://affiliates-backoffice.maxweb.com/app#offer-details/10216/VigoSurge,https://affiliates-backoffice.maxweb.com/app#sales-by-product/10216/VigoSurge
10195,NewEra Protect,Health Supplement,282,"0% Frontend, 0% Backend",backend,69,150,1.53,1.18,0,383906,200.33,0,0,2,0,https://yourprimera.com/,https://cdn.softwareprojects.com/productimages/10195/2/_sl_bo_le_img_ew14qag6f_p_g_resized160.png,primera,2,Primera,https://affiliates-backoffice.maxweb.com/app#resources/10195/campaigns,https://affiliates-backoffice.maxweb.com/app#offer-details/10195/NewEra%20Protect,https://affiliates-backoffice.maxweb.com/app#sales-by-product/10195/NewEra%20Protect
10194,VirilWood ,Men's Health,370,"0% Frontend, 0% Backend",backend,69,125,1.63,1.3,0,1,1.28,0,0,2,0, https://virilwood.com/,https://cdn.softwareprojects.com/productimages/10194/2/vi_ilwoodbubmfx_p_g_resized160.png,virilwood_me,2,VirilWood ,https://affiliates-backoffice.maxweb.com/app#resources/10194/campaigns,https://affiliates-backoffice.maxweb.com/app#offer-details/10194/VirilWood%20,https://affiliates-backoffice.maxweb.com/app#sales-by-product/10194/VirilWood%20
10178,FemiPro,Health Supplement,282,"0% Frontend, 0% Backend",backend,69,140,3.78,2.7,0,61594,7.28,0,0,2,0,https://thefemipro.com/video.php,https://cdn.softwareprojects.com/productimages/10178/3/femip_og_ojq9_p_g_resized160.png,femipro,3,FemiPro,https://affiliates-backoffice.maxweb.com/app#resources/10178/campaigns,https://affiliates-backoffice.maxweb.com/app#offer-details/10178/FemiPro,https://affiliates-backoffice.maxweb.com/app#sales-by-product/10178/FemiPro
10177,GumAktiv,Dental/Gum Health,406,"0% Frontend, 0% Backend",backend,69,115,2.47,2.15,0,14046,0.59,0,0,2,0,https://thegumaktiv.com/video.php,https://cdn.softwareprojects.com/productimages/10177/3/gumac_ivw6mz3o_p_g_resized160.png,gumaktiv,3,GumAktiv,https://affiliates-backoffice.maxweb.com/app#resources/10177/campaigns,https://affiliates-backoffice.maxweb.com/app#offer-details/10177/GumAktiv,https://affiliates-backoffice.maxweb.com/app#sales-by-product/10177/GumAktiv
10174,MentaLift,Brain Health/Memory,414,"0% Frontend, 0% Backend",backend,69,0,2.24,2.04,0,86112,0,0,0,2,1,https://mentaliftpro.com/briefing,https://cdn.softwareprojects.com/productimages/10174/3/sc_ee_sho_2024_11_14_a_7_10_21_pms0pf_f_p_g_resized160.png,mentalift,3,MentaLift,https://affiliates-backoffice.maxweb.com/app#resources/10174/campaigns,https://affiliates-backoffice.maxweb.com/app#offer-details/10174/MentaLift,https://affiliates-backoffice.maxweb.com/app#sales-by-product/10174/MentaLift
10140,Neuro Fortis Pro,Brain Health/Memory,414,"0% Frontend, 0% Backend",backend,69,115,2.96,2.58,0,91533,11.9,0,0,2,0,https://neurofortispro.com/report,https://cdn.softwareprojects.com/productimages/10140/2/_eu_ofo_is_1_humbc8_lh8_p_g_resized160.png,neuro_fortis_pro,2,Neuro Fortis Pro,https://affiliates-backoffice.maxweb.com/app#resources/10140/campaigns,https://affiliates-backoffice.maxweb.com/app#offer-details/10140/Neuro%20Fortis%20Pro,https://affiliates-backoffice.maxweb.com/app#sales-by-product/10140/Neuro%20Fortis%20Pro
9988,TrueAmericanLoan,Lead Gen,386,"0% Frontend, 0% Backend",backend,28.57,20,0.26,1.3,0,1150,0.07,0,0,2,0,https://offer.trueamericanloan.com/,https://cdn.softwareprojects.com/productimages/9988/3/sc_ee_sho_2024_10_16_062407pmo6ej_p_g_resized160.png,trueamericanloan,3,TrueAmericanLoan,https://affiliates-backoffice.maxweb.com/app#resources/9988/campaigns,https://affiliates-backoffice.maxweb.com/app#offer-details/9988/TrueAmericanLoan,https://affiliates-backoffice.maxweb.com/app#sales-by-product/9988/TrueAmericanLoan
9985,Shield Immunity Protocol,Health Supplement,282,"0% Frontend, 0% Backend",backend,49.95,90,0.91,1.01,0,5260,0.08,0,0,2,0,https://partners.primalforce.net/sp/shield-vsl/,https://cdn.softwareprojects.com/productimages/9985/3/shieldxz_8fz_p_g_resized160.png,shield_immunity_protocol,3,Shield Immunity Protocol,https://affiliates-backoffice.maxweb.com/app#resources/9985/campaigns,https://affiliates-backoffice.maxweb.com/app#offer-details/9985/Shield%20Immunity%20Protocol,https://affiliates-backoffice.maxweb.com/app#sales-by-product/9985/Shield%20Immunity%20Protocol
9952,Silence Guardian,Tinnitus,378,"0% Frontend, 0% Backend",backend,69,110,1.9,1.73,0,265983,12.91,0,0,2,0,https://getsilenceguardian.com/lp,https://cdn.softwareprojects.com/productimages/9952/3/2bh6p5a_jpg_resized160.jpg,silence_guardian,3,Silence Guardian,https://affiliates-backoffice.maxweb.com/app#resources/9952/campaigns,https://affiliates-backoffice.maxweb.com/app#offer-details/9952/Silence%20Guardian,https://affiliates-backoffice.maxweb.com/app#sales-by-product/9952/Silence%20Guardian
9946,A Place For Mom - Assisted Living,Lead Gen,386,"0% Frontend, 0% Backend",backend,12.8,10,0.11,1.08,0,468,0.23,0,0,2,0,https://wmi4.com/c/81533/63799/,https://cdn.softwareprojects.com/productimages/9946/3/a_place_fo_mom3z8xq_p_g_resized160.png,a_place_for_mom___assisted_living,3,A Place For Mom - Assisted Living,,,
9896,Vari-X Pro,Skin/Beauty and Anti-Aging,294,"0% Frontend, 0% Backend",backend,69,100,1.92,1.92,0,72831,1.53,0,0,2,0,,https://cdn.softwareprojects.com/productimages/9896/2/12uw_g_jpg_resized160.jpg,vari_x_pro,2,Vari-X Pro,https://affiliates-backoffice.maxweb.com/app#resources/9896/campaigns,https://affiliates-backoffice.maxweb.com/app#offer-details/9896/Vari-X%20Pro,https://affiliates-backoffice.maxweb.com/app#sales-by-product/9896/Vari-X%20Pro
9895,Play On Go Casino CD,iGaming/Casino,470,"0% Frontend, 0% Backend",backend,0,4.8,0.32,6.7,0,45,0,0,0,2,0,,https://cdn.softwareprojects.com/productimages/9895/2/ke_pe_yo_fo_o_2024_10_08_23_04_50_gwsi9_p_g_resized160.png,play_on_bet_casino_cd,2,Play On Bet Casino CD,,,
9888,Play On Go Sports CD,iGaming/Casino,470,"0% Frontend, 0% Backend",backend,11,4.8,0,0.52,0,63,0.01,0,0,2,0,,https://cdn.softwareprojects.com/productimages/9888/2/ke_pe_yo_fo_o_2024_10_08_23_11_59i_dxx9_p_g_resized160.png,play_on_bet_sports_cd,2,Play On Bet Sports CD,,,
9867,Roletto IE,iGaming/Casino,470,"0% Frontend, 0% Backend",backend,0,240,1.89,2.32,0,28,0,0,0,2,0,,https://cdn.softwareprojects.com/productimages/9867/2/_oule_e_1264078_960_720dyqmzy_jpg_resized160.jpg,roletto_ie,2,Roletto IE,,,
9855,Steel Flow Pro,Men's Health,370,"0% Frontend, 0% Backend",backend,79,120,2.44,2.12,0,23675,1.74,0,0,2,0,https://trysteelflowpro.com/v2-pai/,https://cdn.softwareprojects.com/productimages/9855/3/sfp_i_g_edie_s1odk5u_p_g_resized160.png,steel_flow_pro,3,Steel Flow Pro,https://affiliates-backoffice.maxweb.com/app#resources/9855/campaigns,https://affiliates-backoffice.maxweb.com/app#offer-details/9855/Steel%20Flow%20Pro,https://affiliates-backoffice.maxweb.com/app#sales-by-product/9855/Steel%20Flow%20Pro
9854,VitalRelease F + S,Free + Shipping,422,"0% Frontend, 0% Backend",backend,32,27,0.4,1.51,0,4061,0.2,0,0,2,1,https://vitalrelease.com/,https://cdn.softwareprojects.com/productimages/9854/3/vi_al_ealeasedxkfpo_p_g_resized160.png,vitalrelease_f_+_s,3,VitalRelease F + S,https://affiliates-backoffice.maxweb.com/app#resources/9854/campaigns,https://affiliates-backoffice.maxweb.com/app#offer-details/9854/VitalRelease%20F%20%2B%20S,https://affiliates-backoffice.maxweb.com/app#sales-by-product/9854/VitalRelease%20F%20%2B%20S
9848,Ageless,,0,"0% Frontend, 0% Backend",backend,69.99,90,1.7,1.89,0,5668,0.06,0,0,2,0,,https://cdn.softwareprojects.com/productimages/9848/2/2gpq_i0_p_g_resized160.png,age_less,2,Age Less,,,
9840,24 Burn VSL,,0,"0% Frontend, 0% Backend",backend,59,125,2.87,2.3,0,113986,1.82,0,0,2,0,,https://cdn.softwareprojects.com/productimages/9840/2/imgpsh_fullsize_a_imfbqo9k_p_g_resized160.png,24_burn_vsl,2,24 Burn VSL,https://affiliates-backoffice.maxweb.com/app#resources/9840/campaigns,https://affiliates-backoffice.maxweb.com/app#offer-details/9840/24%20Burn%20VSL,https://affiliates-backoffice.maxweb.com/app#sales-by-product/9840/24%20Burn%20VSL
9833,Jointgen,Joint Supplement,462,"0% Frontend, 0% Backend",backend,59,120,2.04,1.7,0,329296,59.14,0,0,2,0,https://jointgenesis.com/vsl/,https://cdn.softwareprojects.com/productimages/9833/3/joi_ge_pd_h_s_p_g_resized160.png,jointgen,3,Jointgen,https://affiliates-backoffice.maxweb.com/app#resources/9833/campaigns,https://affiliates-backoffice.maxweb.com/app#offer-details/9833/Jointgen,https://affiliates-backoffice.maxweb.com/app#sales-by-product/9833/Jointgen
9832,Biovanish,Weight Loss,382,"0% Frontend, 0% Backend",backend,59,120,2.28,1.9,0,11830,0.29,0,0,2,0,https://leanloophole.com/vsl/,https://cdn.softwareprojects.com/productimages/9832/3/biova_ish5uyxqm_p_g_resized160.png,biovanish,3,Biovanish,https://affiliates-backoffice.maxweb.com/app#resources/9832/campaigns,https://affiliates-backoffice.maxweb.com/app#offer-details/9832/Biovanish,https://affiliates-backoffice.maxweb.com/app#sales-by-product/9832/Biovanish
9829,VulkanVegas SMS Main Page PL,iGaming/Casino,470,"0% Frontend, 0% Backend",backend,130,104,1.69,1.76,0,9,0,0,0,2,0,,https://cdn.softwareprojects.com/productimages/9829/6/vulka_hgq2yx_p_g_resized160.png,vulkanvegas_sms_main_page_pl,6,VulkanVegas SMS Main Page PL,,,
9828,VerdeCasino SMS Main Page BE,iGaming/Casino,470,"0% Frontend, 0% Backend",backend,200,160,2.32,3.71,0,18,0,0,0,2,0,,https://cdn.softwareprojects.com/productimages/9828/18/ke_pe_yo_fo_o_2024_09_19_18_07_55jk2fov_p_g_resized160.png,verdecasino_sms_main_page_be,18,VerdeCasino SMS Main Page BE,,,
9827,HitNSpin SMS Sport Main PL,iGaming/Casino,470,"0% Frontend, 0% Backend",backend,130,104,1.48,1.54,0,14,0,0,0,2,0,,https://cdn.softwareprojects.com/productimages/9827/30/hi_spi_i_vf_7yl5wf_jpg_resized160.jpg,hitnspin_sms_sport_main_pl,30,HitNSpin SMS Sport Main PL,,,
9825,Pineal Guardian,Brain Health/Memory,414,"0% Frontend, 0% Backend",backend,59,110,1.72,1.57,0,68683,0.54,0,0,2,0,https://thepinealguardian.com/go/indexvsv.php,https://cdn.softwareprojects.com/productimages/9825/2/pi_eal_gua_dia_dp7_o_p_g_resized160.png,pineal_guardian,2,Pineal Guardian,https://affiliates-backoffice.maxweb.com/app#resources/9825/campaigns,https://affiliates-backoffice.maxweb.com/app#offer-details/9825/Pineal%20Guardian,https://affiliates-backoffice.maxweb.com/app#sales-by-product/9825/Pineal%20Guardian
9822,Fast Loans,Lead Gen,386,"0% Frontend, 0% Backend",backend,50,43,0.53,1.23,0,840,0.01,0,0,2,0,https://www.fastloansgroup.com/,https://cdn.softwareprojects.com/productimages/9822/2/fas_loa_s4mjuxl_p_g_resized160.png,fast_loans,2,Fast Loans,https://affiliates-backoffice.maxweb.com/app#resources/9822/campaigns,https://affiliates-backoffice.maxweb.com/app#offer-details/9822/Fast%20Loans,https://affiliates-backoffice.maxweb.com/app#sales-by-product/9822/Fast%20Loans
9803,Super Memory Formula,Brain Health/Memory,414,"0% Frontend, 0% Backend",backend,59,60,0.66,1.1,0,13000,0.43,0,0,2,1,https://getsupermemoryformula.com/,https://cdn.softwareprojects.com/productimages/9803/3/supe_memo_yjme5ab_p_g_resized160.png,super_memory_formula,3,Super Memory Formula,https://affiliates-backoffice.maxweb.com/app#resources/9803/campaigns,https://affiliates-backoffice.maxweb.com/app#offer-details/9803/Super%20Memory%20Formula,https://affiliates-backoffice.maxweb.com/app#sales-by-product/9803/Super%20Memory%20Formula
9695,Free Sugar Pro,Diabetes,366,"0% Frontend, 0% Backend",backend,79,138,2.48,1.8,0,6450,2.28,0,0,2,1,https://www.freesugarpro.com/vsl-v1,https://cdn.softwareprojects.com/productimages/9695/2/f_eesuga_p_odu_sbi_jpg_resized160.jpg,free_sugar_pro,2,Free Sugar Pro,https://affiliates-backoffice.maxweb.com/app#resources/9695/campaigns,https://affiliates-backoffice.maxweb.com/app#offer-details/9695/Free%20Sugar%20Pro,https://affiliates-backoffice.maxweb.com/app#sales-by-product/9695/Free%20Sugar%20Pro
9690,ElectroSlim,Weight Loss,382,"0% Frontend, 0% Backend",backend,59,75,1.79,2.1,0,52648,9.97,0,0,2,0,https://getelectroslim.com:443/go/,https://cdn.softwareprojects.com/productimages/9690/2/20240610_elec_oslim_lemo_lime_1000px_1c_hzaz_p_g_resized160.png,electroslim,2,ElectroSlim,https://affiliates-backoffice.maxweb.com/app#resources/9690/campaigns,https://affiliates-backoffice.maxweb.com/app#offer-details/9690/ElectroSlim,https://affiliates-backoffice.maxweb.com/app#sales-by-product/9690/ElectroSlim
9687,DigestSync,Gut Health,410,"0% Frontend, 0% Backend",backend,69,100,2.64,2.3,0,91619,2.51,0,0,2,0,https://thedigestsync.com/video.php,https://cdn.softwareprojects.com/productimages/9687/2/dige_sy_caqs0lv_p_g_resized160.png,digestsync,2,DigestSync,https://affiliates-backoffice.maxweb.com/app#resources/9687/campaigns,https://affiliates-backoffice.maxweb.com/app#offer-details/9687/DigestSync,https://affiliates-backoffice.maxweb.com/app#sales-by-product/9687/DigestSync
9686,Nervovive,Nerve Health,398,"0% Frontend, 0% Backend",backend,69,120,2.5,2.1,0,36194,0.3,0,0,2,0,https://thenervovive.com/video.php,https://cdn.softwareprojects.com/productimages/9686/2/_e_vovive8idkqz_p_g_resized160.png,nervovive,2,Nervovive,https://affiliates-backoffice.maxweb.com/app#resources/9686/campaigns,https://affiliates-backoffice.maxweb.com/app#offer-details/9686/Nervovive,https://affiliates-backoffice.maxweb.com/app#sales-by-product/9686/Nervovive
9683,LeptiCell,,0,"0% Frontend, 0% Backend",backend,69,115,1.89,1.65,0,8524,1.33,0,0,2,0,,https://cdn.softwareprojects.com/productimages/9683/2/lep_icellqy_ym_jpg_resized160.jpg,lepticell,2,LeptiCell,https://affiliates-backoffice.maxweb.com/app#resources/9683/campaigns,https://affiliates-backoffice.maxweb.com/app#offer-details/9683/LeptiCell,https://affiliates-backoffice.maxweb.com/app#sales-by-product/9683/LeptiCell
9673,Boostaro,Men's Health,370,"0% Frontend, 0% Backend",backend,69,120,2.76,2.3,0,463923,62,0,0,2,0,https://goboostaro.com/video/bg,https://cdn.softwareprojects.com/productimages/9673/2/boos_a_oylv2oz_p_g_resized160.png,boostaro,2,Boostaro,https://affiliates-backoffice.maxweb.com/app#resources/9673/campaigns,https://affiliates-backoffice.maxweb.com/app#offer-details/9673/Boostaro,https://affiliates-backoffice.maxweb.com/app#sales-by-product/9673/Boostaro
9672,Nitric Boost,,0,"0% Frontend, 0% Backend",backend,69,130,1.98,1.65,0,373710,18.9,0,0,2,0,,,nitric_boost,2,Nitric Boost,https://affiliates-backoffice.maxweb.com/app#resources/9672/campaigns,https://affiliates-backoffice.maxweb.com/app#offer-details/9672/Nitric%20Boost,https://affiliates-backoffice.maxweb.com/app#sales-by-product/9672/Nitric%20Boost
9669,Hitnspin,iGaming/Casino,470,"0% Frontend, 0% Backend",backend,325,300,2,2,0,53,0,0,0,2,0,https://redirecthitnspin.com/,https://cdn.softwareprojects.com/productimages/9669/3/hi_spi_i_vf_jpg_resized160.jpg,hitnspin,3,Hitnspin,https://affiliates-backoffice.maxweb.com/app#resources/9669/campaigns,https://affiliates-backoffice.maxweb.com/app#offer-details/9669/Hitnspin,https://affiliates-backoffice.maxweb.com/app#sales-by-product/9669/Hitnspin
9668,Verde Casino,iGaming/Casino,470,"0% Frontend, 0% Backend",backend,325,300,2,2,0,183,0,0,0,2,0,https://redirect-verde.com/,https://cdn.softwareprojects.com/productimages/9668/2/ve_de_casi_osqhjc1_jpg_resized160.jpg,verde_casino,2,Verde Casino,https://affiliates-backoffice.maxweb.com/app#resources/9668/campaigns,https://affiliates-backoffice.maxweb.com/app#offer-details/9668/Verde%20Casino,https://affiliates-backoffice.maxweb.com/app#sales-by-product/9668/Verde%20Casino
9576,Supranail,Fungus,390,"0% Frontend, 0% Backend",backend,79,125,2.52,2.1,0,75697,5.65,0,0,2,1,https://trysupranail.com/v1-emotional/,https://cdn.maxweb.com/productimages/9576/2/5_affq_1_p_p_g_resized160.png,supranail,2,Supranail,https://affiliates-backoffice.maxweb.com/app#resources/9576/campaigns,https://affiliates-backoffice.maxweb.com/app#offer-details/9576/Supranail,https://affiliates-backoffice.maxweb.com/app#sales-by-product/9576/Supranail
9559,TitanFlow,Men's Health,370,"0% Frontend, 0% Backend",backend,59,120,1.49,1.3,0,303730,29.48,0,0,2,0,https://prostaterevealed.com/vsl/,https://cdn.clickcrm.com/productimages/9559/2/_i_a_flow_11y_jje_p_g_resized160.png,titanflow,2,TitanFlow,https://affiliates-backoffice.maxweb.com/app#resources/9559/campaigns,https://affiliates-backoffice.maxweb.com/app#offer-details/9559/TitanFlow,https://affiliates-backoffice.maxweb.com/app#sales-by-product/9559/TitanFlow
9548,Ex Factor 2.0,Dating,254,"0% Frontend, 0% Backend",backend,38,38,0.77,2.03,0,2729,0.11,0,0,2,0,https://www.exfactorguide.com/video/,https://cdn.clickcrm.com/productimages/9548/2/efg2_full_ableau13k8abo_p_g_resized160.png,ex_factor_2.0,2,Ex Factor 2.0,https://affiliates-backoffice.maxweb.com/app#resources/9548/campaigns,https://affiliates-backoffice.maxweb.com/app#offer-details/9548/Ex%20Factor%202.0,https://affiliates-backoffice.maxweb.com/app#sales-by-product/9548/Ex%20Factor%202.0
9513,Varicose 911,Skin/Beauty and Anti-Aging,294,"0% Frontend, 0% Backend",backend,69.95,110,1.33,1.21,0,12713,0.81,0,0,2,0,https://www.varicose911.com/vsl/medop/skotv3_0/video.php,https://cdn.clickcrm.com/productimages/9513/2/2y_zeck_jpg_resized160.jpg,varicose_911,2,Varicose 911,https://affiliates-backoffice.maxweb.com/app#resources/9513/campaigns,https://affiliates-backoffice.maxweb.com/app#offer-details/9513/Varicose%20911,https://affiliates-backoffice.maxweb.com/app#sales-by-product/9513/Varicose%20911
9506,CelluCare,Health Supplement,282,"0% Frontend, 0% Backend",backend,69,135,3.7,2.75,0,61917,5.07,0,0,2,0,https://getcellucare.com/b/report.php,https://cdn.clickcrm.com/productimages/9506/2/1_bo_le_h2exu_jpg_resized160.jpg,cellucare,2,CelluCare,https://affiliates-backoffice.maxweb.com/app#resources/9506/campaigns,https://affiliates-backoffice.maxweb.com/app#offer-details/9506/CelluCare,https://affiliates-backoffice.maxweb.com/app#sales-by-product/9506/CelluCare
9479,Slim Boost Tea,Weight Loss,382,"0% Frontend, 0% Backend",backend,59,125,3.57,2.86,0,317082,11.66,0,0,2,1,https://tryslimboosttea.com/vsl,https://cdn.clickcrm.com/productimages/9479/2/sc_ee_sho_2024_07_02_153815q03mxc_p_g_resized160.png,slim_boost_tea,2,Slim Boost Tea,https://affiliates-backoffice.maxweb.com/app#resources/9479/campaigns,https://affiliates-backoffice.maxweb.com/app#offer-details/9479/Slim%20Boost%20Tea,https://affiliates-backoffice.maxweb.com/app#sales-by-product/9479/Slim%20Boost%20Tea
9389,Testovate,Men's Health,370,"0% Frontend, 0% Backend",backend,69,135,0.69,1,0,4882,0.22,0,0,2,0,https://testovate-x7.com/st/st.php,https://cdn.maxweb.com/productimages/9389/2/_es_ova_e_whi_eiqaj_4_p_g_resized160.png,testovate,2,Testovate,,,
9388,Phaloboost ,Men's Health,370,"0% Frontend, 0% Backend",backend,69,135,1.63,1.21,0,32375,3.26,0,0,2,0,https://getphaloboost.com/vsls/male.php,https://cdn.maxweb.com/productimages/9388/2/phaloboos_whi_euq_z3v_p_g_resized160.png,phaloboost_,2,Phaloboost ,,,
9309,Ring Clear,,0,"0% Frontend, 0% Backend",backend,69,125,1.76,1.41,0,71231,3.6,0,0,2,0,https://www.tryringclear.com/vsl/med/skgnv2_0/video.php?,https://cdn.clickcrm.com/productimages/9309/3/13jsauf_jpg_resized160.jpg,ring_clear,3,Ring Clear,,,
9307,Beyond Nerve Relief,,0,"0% Frontend, 0% Backend",backend,69,110,1.45,1.32,0,54407,1.12,0,0,2,0,https://www.trybeyondnerverelief.com/vsl/med/skotv1_0/video.php?,https://cdn.maxweb.com/productimages/9307/3/1dc1aw_jpg_resized160.jpg,beyond_nerve_relief,3,Beyond Nerve Relief,https://affiliates-backoffice.maxweb.com/app#resources/9307/campaigns,https://affiliates-backoffice.maxweb.com/app#offer-details/9307/Beyond%20Nerve%20Relief,https://affiliates-backoffice.maxweb.com/app#sales-by-product/9307/Beyond%20Nerve%20Relief
9254,ProvaDent Adv,Dental/Gum Health,406,"0% Frontend, 0% Backend",backend,69,120,3,2.5,0,158015,1.54,0,0,2,0,https://dentalsugarhack.com/discovery,https://cdn.maxweb.com/productimages/9254/2/p_ovade_1_bo_le_mockup_i7ukp_p_g_resized160.png,provadent_adv,2,ProvaDent Adv,https://affiliates-backoffice.maxweb.com/app#resources/9254/campaigns,https://affiliates-backoffice.maxweb.com/app#offer-details/9254/ProvaDent%20Adv,https://affiliates-backoffice.maxweb.com/app#sales-by-product/9254/ProvaDent%20Adv
9218,Gluco Cleanse Tea ,Diabetes,366,"0% Frontend, 0% Backend",backend,69,120,3.9,3.25,0,257334,14.69,0,0,2,0,https://tryglucocleansetea.com/vsl,https://cdn.clickcrm.com/productimages/9218/2/u_amedaj1yol_p_g_resized160.png,gluco_cleanse_tea_,2,Gluco Cleanse Tea ,https://affiliates-backoffice.maxweb.com/app#resources/9218/campaigns,https://affiliates-backoffice.maxweb.com/app#offer-details/9218/Gluco%20Cleanse%20Tea%20,https://affiliates-backoffice.maxweb.com/app#sales-by-product/9218/Gluco%20Cleanse%20Tea%20
9214,Ultimate Off-Grid Generator,Survival,270,"0% Frontend, 0% Backend",backend,49,50,0.98,1.95,0,32326,1.01,0,0,2,0,https://ultimateenergyfreedom.com/dg/index_ultimate.html,https://cdn.clickcrm.com/productimages/9214/2/sc_ee_sho_2024_04_18_070045zikbd3_p_g_resized160.png,ultimate_off_grid_generator,2,Ultimate Off-Grid Generator,https://affiliates-backoffice.maxweb.com/app#resources/9214/campaigns,https://affiliates-backoffice.maxweb.com/app#offer-details/9214/Ultimate%20Off-Grid%20Generator,https://affiliates-backoffice.maxweb.com/app#sales-by-product/9214/Ultimate%20Off-Grid%20Generator
9182,Tupi Tea,,0,"0% Frontend, 0% Backend",backend,1,135,2.4,1.78,0,143538,7.23,0,0,2,1,,https://cdn.clickcrm.com/productimages/9182/3/sc_ee_sho_2024_04_12_a_3_06_24_pm_q_czl_p_g_resized160.png,tupi_tea,3,Tupi Tea,https://affiliates-backoffice.maxweb.com/app#resources/9182/campaigns,https://affiliates-backoffice.maxweb.com/app#offer-details/9182/Tupi%20Tea,https://affiliates-backoffice.maxweb.com/app#sales-by-product/9182/Tupi%20Tea
9178,VitalWave,Free + Shipping,422,"0% Frontend, 0% Backend",backend,32,25,0.22,1.05,0,32434,1.6,0,0,2,0,https://relief.vitalbands.com/vw/special/,https://cdn.clickcrm.com/productimages/9178/2/vi_alwave_devices2ha9xjb_p_g_resized160.png,vitalwave,2,VitalWave,https://affiliates-backoffice.maxweb.com/app#resources/9178/campaigns,https://affiliates-backoffice.maxweb.com/app#offer-details/9178/VitalWave,https://affiliates-backoffice.maxweb.com/app#sales-by-product/9178/VitalWave
9145,GutOptim,Gut Health,410,"0% Frontend, 0% Backend",backend,69,120,2.58,2.15,0,141416,1.36,0,0,2,0,https://thegutoptim.com/video.php,https://cdn.clickcrm.com/productimages/9145/2/p_od_1_bo_leycb6yq_p_g_resized160.png,gutoptim,2,GutOptim,https://affiliates-backoffice.maxweb.com/app#resources/9145/campaigns,https://affiliates-backoffice.maxweb.com/app#offer-details/9145/GutOptim,https://affiliates-backoffice.maxweb.com/app#sales-by-product/9145/GutOptim
9133,ZenCortex,Tinnitus,378,"0% Frontend, 0% Backend",backend,69,115,2.19,1.9,0,359545,4.33,0,0,2,0,https://zencortex24.com/b/101.php,https://cdn.clickcrm.com/productimages/9133/2/1bo_leyamlk5_p_g_esized333s07_p6_p_g_resized160.png,zencortex,2,ZenCortex,https://affiliates-backoffice.maxweb.com/app#resources/9133/campaigns,https://affiliates-backoffice.maxweb.com/app#offer-details/9133/ZenCortex,https://affiliates-backoffice.maxweb.com/app#sales-by-product/9133/ZenCortex
9126,KeraBiotics,Fungus,390,"0% Frontend, 0% Backend",backend,69,115,3.19,2.78,0,63572,9.4,0,0,2,0,https://thekerabiotics.com/video.php,https://cdn.clickcrm.com/productimages/9126/3/p_od_1_bo_le_1_bu_joj_p_g_resized160.png,kerabiotics,3,KeraBiotics,https://affiliates-backoffice.maxweb.com/app#resources/9126/campaigns,https://affiliates-backoffice.maxweb.com/app#offer-details/9126/KeraBiotics,https://affiliates-backoffice.maxweb.com/app#sales-by-product/9126/KeraBiotics
9122,Balmorex,Back Pain,438,"0% Frontend, 0% Backend",backend,79,125,2.88,2.4,0,130297,6.6,0,0,2,0,https://balmorexpro.com/v1-bmx/,https://cdn.clickcrm.com/productimages/9122/3/i_em1_s4_y_p_g_resized160.png,balmorex,3,Balmorex,https://affiliates-backoffice.maxweb.com/app#resources/9122/campaigns,https://affiliates-backoffice.maxweb.com/app#offer-details/9122/Balmorex,https://affiliates-backoffice.maxweb.com/app#sales-by-product/9122/Balmorex
9119,Cerebrozen,Tinnitus,378,"0% Frontend, 0% Backend",backend,69,115,2.88,2.5,0,222043,19.59,0,0,2,0,https://cerebrozen24.com/b/101.php,https://cdn.clickcrm.com/productimages/9119/3/ce_eb_oze_zqozq_jpg_resized160.jpg,cerebrozen,3,Cerebrozen,https://affiliates-backoffice.maxweb.com/app#resources/9119/campaigns,https://affiliates-backoffice.maxweb.com/app#offer-details/9119/Cerebrozen,https://affiliates-backoffice.maxweb.com/app#sales-by-product/9119/Cerebrozen
9105,The Unbreakable Brain,Health Digital,246,"0% Frontend, 0% Backend",backend,27,50,0.5,1,0,241887,2.04,0,0,2,0,https://mybrainblueprint.com/news/1681/video_v3_27_v2_nhc_mon_fs,https://cdn.clickcrm.com/productimages/9105/3/p_oduc_vzlmca_p_g_resized160.png,the_unbreakable_brain,3,The Unbreakable Brain,https://affiliates-backoffice.maxweb.com/app#resources/9105/campaigns,https://affiliates-backoffice.maxweb.com/app#offer-details/9105/The%20Unbreakable%20Brain,https://affiliates-backoffice.maxweb.com/app#sales-by-product/9105/The%20Unbreakable%20Brain
9102,NanoDefense Pro,Fungus,390,"0% Frontend, 0% Backend",backend,69,115,2.53,2.2,0,146291,0.72,0,0,2,0,https://thenanodefensepro.com/video.php,https://cdn.clickcrm.com/productimages/9102/3/p_od_1_bo_le_fiel_p_g_resized160.png,nanodefense_pro,3,NanoDefense Pro,https://affiliates-backoffice.maxweb.com/app#resources/9102/campaigns,https://affiliates-backoffice.maxweb.com/app#offer-details/9102/NanoDefense%20Pro,https://affiliates-backoffice.maxweb.com/app#sales-by-product/9102/NanoDefense%20Pro
9068,DentiCore,Dental/Gum Health,406,"0% Frontend, 0% Backend",backend,69,115,2.15,1.87,0,114471,1.69,0,0,2,0,https://thedenticore.com/video.php,https://cdn.maxweb.com/productimages/9068/3/sc_ee_sho_2024_03_08_154035vwq3jf_p_g_resized160.png,denticore,3,DentiCore,https://affiliates-backoffice.maxweb.com/app#resources/9068/campaigns,https://affiliates-backoffice.maxweb.com/app#offer-details/9068/DentiCore,https://affiliates-backoffice.maxweb.com/app#sales-by-product/9068/DentiCore
9067,PureLumin Essence,Skin/Beauty and Anti-Aging,294,"0% Frontend, 0% Backend",backend,69,115,2.41,2.1,0,122113,4.38,0,0,2,0,https://thepureluminessence.com/video.php,https://cdn.maxweb.com/productimages/9067/3/sc_ee_sho_2024_03_08_154047v07boo_p_g_resized160.png,purelumin_essence,3,PureLumin Essence,https://affiliates-backoffice.maxweb.com/app#resources/9067/campaigns,https://affiliates-backoffice.maxweb.com/app#offer-details/9067/PureLumin%20Essence,https://affiliates-backoffice.maxweb.com/app#sales-by-product/9067/PureLumin%20Essence
8974,NeuroTest,Men's Health,370,"0% Frontend, 0% Backend",backend,79,110,2.38,2.16,0,84967,6.88,0,0,2,1,https://tryneurotest.com/bg.php,https://cdn.clickcrm.com/productimages/8974/3/b_l_1zyuzc3_p_g_resized160.png,neurotest,3,NeuroTest,https://affiliates-backoffice.maxweb.com/app#resources/8974/campaigns,https://affiliates-backoffice.maxweb.com/app#offer-details/8974/NeuroTest,https://affiliates-backoffice.maxweb.com/app#sales-by-product/8974/NeuroTest
8960,CoolEase,Health Supplement,282,"0% Frontend, 0% Backend",backend,69,115,2.31,2.01,0,30502,0.61,0,0,2,0,https://getcoolease.com/index-vsl-ce-1,https://cdn.clickcrm.com/productimages/8960/3/sc_ee_sho_2024_02_15_093959bmbjbm_p_g_resized160.png,coolease,3,CoolEase,https://affiliates-backoffice.maxweb.com/app#resources/8960/campaigns,https://affiliates-backoffice.maxweb.com/app#offer-details/8960/CoolEase,https://affiliates-backoffice.maxweb.com/app#sales-by-product/8960/CoolEase
8943,Pineal XT,Brain Health/Memory,414,"0% Frontend, 0% Backend",backend,69,115,1.39,1.21,0,87344,1.48,0,0,2,0,https://pinealxt.com/presentation/index.php,https://cdn.clickcrm.com/productimages/8943/2/sc_ee_sho_2024_02_14_083032qbdp3_p_g_resized160.png,pineal_xt,2,Pineal XT,https://affiliates-backoffice.maxweb.com/app#resources/8943/campaigns,https://affiliates-backoffice.maxweb.com/app#offer-details/8943/Pineal%20XT,https://affiliates-backoffice.maxweb.com/app#sales-by-product/8943/Pineal%20XT
8938,AeroSlim,Weight Loss,382,"0% Frontend, 0% Backend",backend,69,115,2.24,1.95,0,3781,0.02,0,0,2,0,https://theaeroslim.com/video.php,https://cdn.clickcrm.com/productimages/8938/2/p_od_1_bo_le_1_xz7yc_p_g_resized160.png,aeroslim,2,AeroSlim,https://affiliates-backoffice.maxweb.com/app#resources/8938/campaigns,https://affiliates-backoffice.maxweb.com/app#offer-details/8938/AeroSlim,https://affiliates-backoffice.maxweb.com/app#sales-by-product/8938/AeroSlim
8922,LipoSlend,Weight Loss,382,"0% Frontend, 0% Backend",backend,69,115,2.27,1.98,0,41660,0.58,0,0,2,0,https://theliposlend.com/video.php,https://cdn.clickcrm.com/productimages/8922/3/p_od_1_bo_lex_x8h_p_g_resized160.png,liposlend,3,LipoSlend,https://affiliates-backoffice.maxweb.com/app#resources/8922/campaigns,https://affiliates-backoffice.maxweb.com/app#offer-details/8922/LipoSlend,https://affiliates-backoffice.maxweb.com/app#sales-by-product/8922/LipoSlend
8920,ProNail Complex,Fungus,390,$130.00 CPA,cpa,69,130,2.66,2.05,0,514372,8.05,0,0,2,0,https://thepronailcomplex.com/video.php,https://cdn.clickcrm.com/productimages/8920/3/p_od_1_bo_le_zls_w_p_g_resized160.png,pronail_complex,3,ProNail Complex,https://affiliates-backoffice.maxweb.com/app#resources/8920/campaigns,https://affiliates-backoffice.maxweb.com/app#offer-details/8920/ProNail%20Complex,https://affiliates-backoffice.maxweb.com/app#sales-by-product/8920/ProNail%20Complex
8887,Derila Memory Foam Pillow,Ecomm,262,"0% Frontend, 0% Backend",backend,39.95,37,0.57,1.56,0,6223,0.53,0,0,2,0,https://get-derila.com/articles/in-tears-every-night?&shaff=0,https://cdn.maxweb.com/productimages/8887/3/de_ila5x_b8k_p_g_resized160.png,derila_memory_foam_pillow,3,Derila Memory Foam Pillow,,,
8876,Synergex 7,Men's Health,370,"0% Frontend, 0% Backend",backend,69,80,0.98,1.4,0,32322,0.14,0,0,2,0,https://synergex7.com/bg/,https://cdn.clickcrm.com/productimages/8876/3/sc_ee_sho_2024_01_25_054118ve2cfu_p_g_resized160.png,synergex_7,3,Synergex 7,https://affiliates-backoffice.maxweb.com/app#resources/8876/campaigns,https://affiliates-backoffice.maxweb.com/app#offer-details/8876/Synergex%207,https://affiliates-backoffice.maxweb.com/app#sales-by-product/8876/Synergex%207
8835,Glucoswitch,Diabetes,366,"0% Frontend, 0% Backend",backend,69,120,3.11,2.59,0,172942,5.9,0,0,2,0,https://glucoswitch.co/discovery,https://cdn.clickcrm.com/productimages/8835/3/p_oduc_bo_les_1_1_xp1k68_p_g_resized160.png,glucoswitch,3,Glucoswitch,https://affiliates-backoffice.maxweb.com/app#resources/8835/campaigns,https://affiliates-backoffice.maxweb.com/app#offer-details/8835/Glucoswitch,https://affiliates-backoffice.maxweb.com/app#sales-by-product/8835/Glucoswitch
8815,Bazopril,Health Supplement,282,"0% Frontend, 0% Backend",backend,69,110,1.96,1.78,0,46908,1.04,0,0,2,0,https://bazopril.com/,https://cdn.clickcrm.com/productimages/8815/3/bazopil_xfl05_p_g_resized160.png,bazopril,3,Bazopril,https://affiliates-backoffice.maxweb.com/app#resources/8815/campaigns,https://affiliates-backoffice.maxweb.com/app#offer-details/8815/Bazopril,https://affiliates-backoffice.maxweb.com/app#sales-by-product/8815/Bazopril
8807,Neurozoom,Brain Health/Memory,414,"0% Frontend, 0% Backend",backend,79,120,3.26,2.72,0,304761,8.17,0,0,2,0,https://tryneurozoom.com/v1-quiz/,https://cdn.clickcrm.com/productimages/8807/3/_eu_o_evluz_p_g_resized160.png,neurozoom,3,Neurozoom,https://affiliates-backoffice.maxweb.com/app#resources/8807/campaigns,https://affiliates-backoffice.maxweb.com/app#offer-details/8807/Neurozoom,https://affiliates-backoffice.maxweb.com/app#sales-by-product/8807/Neurozoom
8790,Nagano Tonic,Weight Loss,382,"0% Frontend, 0% Backend",backend,69,115,2.69,2.34,0,101495,2.69,0,0,2,0,https://leanbodytonic.com/,https://cdn.clickcrm.com/productimages/8790/3/p_oduc_bo_les_1pgabqd_p_g_resized160.png,lean_body_tonic,3,Nagano Tonic,https://affiliates-backoffice.maxweb.com/app#resources/8790/campaigns,https://affiliates-backoffice.maxweb.com/app#offer-details/8790/Nagano%20Tonic,https://affiliates-backoffice.maxweb.com/app#sales-by-product/8790/Nagano%20Tonic
8781,DentaTonic,Dental/Gum Health,406,"0% Frontend, 0% Backend",backend,69,115,2.23,1.94,0,17378,0.04,0,0,2,0,https://thedentatonic.com/video.php,https://cdn.clickcrm.com/productimages/8781/3/p_od_1_bo_le_8vheh_p_g_resized160.png,dentatonic,3,DentaTonic,https://affiliates-backoffice.maxweb.com/app#resources/8781/campaigns,https://affiliates-backoffice.maxweb.com/app#offer-details/8781/DentaTonic,https://affiliates-backoffice.maxweb.com/app#sales-by-product/8781/DentaTonic
8765,Illuderma,Skin/Beauty and Anti-Aging,294,"0% Frontend, 0% Backend",backend,69,105,2.63,2.5,0,57288,4.12,0,0,2,0,https://theilluderma.com/video.php,https://cdn.clickcrm.com/productimages/8765/2/p_od_1_bo_le6aospp_p_g_resized160.png,illuderma,2,Illuderma,https://affiliates-backoffice.maxweb.com/app#resources/8765/campaigns,https://affiliates-backoffice.maxweb.com/app#offer-details/8765/Illuderma,https://affiliates-backoffice.maxweb.com/app#sales-by-product/8765/Illuderma
8746,LeanBliss,Weight Loss,382,"0% Frontend, 0% Backend",backend,69,115,2.86,2.49,0,54249,0.47,0,0,2,0,https://theleanbliss.com/video.php,https://cdn.clickcrm.com/productimages/8746/2/p_od_1_bo_lehjd_04_p_g_resized160.png,leanbliss,2,LeanBliss,https://affiliates-backoffice.maxweb.com/app#resources/8746/campaigns,https://affiliates-backoffice.maxweb.com/app#offer-details/8746/LeanBliss,https://affiliates-backoffice.maxweb.com/app#sales-by-product/8746/LeanBliss
8718,EyeFortin,Vision,402,"0% Frontend, 0% Backend",backend,69,120,3.16,2.63,0,214830,19.66,0,0,2,1,https://theeyefortin.com/video.php,https://cdn.clickcrm.com/productimages/8718/3/p_od_1_bo_le_2_fq2j6_p_g_resized160.png,eyefortin,3,EyeFortin,https://affiliates-backoffice.maxweb.com/app#resources/8718/campaigns,https://affiliates-backoffice.maxweb.com/app#offer-details/8718/EyeFortin,https://affiliates-backoffice.maxweb.com/app#sales-by-product/8718/EyeFortin
8712,Xitox,Ecomm,262,"0% Frontend, 0% Backend",backend,49,80,1.44,1.8,0,457824,3.71,0,0,2,0,https://getxitox.com/go/indexnoaffprog.php,https://cdn.clickcrm.com/productimages/8712/3/xi_ox_box_500px_1_wi_h_pads_hslxvs_p_g_resized160.png,xitox,3,Xitox,https://affiliates-backoffice.maxweb.com/app#resources/8712/campaigns,https://affiliates-backoffice.maxweb.com/app#offer-details/8712/Xitox,https://affiliates-backoffice.maxweb.com/app#sales-by-product/8712/Xitox
8688,Home Doctor,Survival,270,"0% Frontend, 0% Backend",backend,37,24,0.37,1.54,0,2403,0.1,0,0,2,0,https://homedoctorguide.com/book/,https://cdn.clickcrm.com/productimages/8688/3/u_amedvq1pfc_jpg_resized160.jpg,home_doctor,3,Home Doctor,https://affiliates-backoffice.maxweb.com/app#resources/8688/campaigns,https://affiliates-backoffice.maxweb.com/app#offer-details/8688/Home%20Doctor,https://affiliates-backoffice.maxweb.com/app#sales-by-product/8688/Home%20Doctor
8678,ReFirmance,Skin/Beauty and Anti-Aging,294,"0% Frontend, 0% Backend",backend,69,95,2.2,2.32,0,118700,0.2,0,0,2,1,https://therefirmance.com/video.php,https://cdn.maxweb.com/productimages/8678/3/_f_01_oshadow9xfoyg_p_g_resized160.png,refirmance,3,ReFirmance,https://affiliates-backoffice.maxweb.com/app#resources/8678/campaigns,https://affiliates-backoffice.maxweb.com/app#offer-details/8678/ReFirmance,https://affiliates-backoffice.maxweb.com/app#sales-by-product/8678/ReFirmance
8673,VitalBand F + S Adv,Free + Shipping,422,"0% Frontend, 0% Backend",backend,35.31,30,0.32,1.02,0,68210,4.36,0,0,2,0,https://relief.vitalbands.com/,https://cdn.maxweb.com/productimages/8673/2/vi_al_ba_dv_6d83_p_g_resized160.png,vitalband_f_+_s_adv,2,VitalBand F + S Adv,https://affiliates-backoffice.maxweb.com/app#resources/8673/campaigns,https://affiliates-backoffice.maxweb.com/app#offer-details/8673/VitalBand%20F%20%2B%20S%20Adv,https://affiliates-backoffice.maxweb.com/app#sales-by-product/8673/VitalBand%20F%20%2B%20S%20Adv
8671,PawBiotix,Pet Care,458,"0% Frontend, 0% Backend",backend,69,130,1.75,1.35,0,126897,16.59,0,0,2,1,https://thepawbiotix.com/video.php,https://cdn.clickcrm.com/productimages/8671/2/p_od_1_bo_ley0jfee_p_g_resized160.png,pawbiotix,2,PawBiotix,https://affiliates-backoffice.maxweb.com/app#resources/8671/campaigns,https://affiliates-backoffice.maxweb.com/app#offer-details/8671/PawBiotix,https://affiliates-backoffice.maxweb.com/app#sales-by-product/8671/PawBiotix
8669,The Ultimate Energizer Guide,Survival,270,"0% Frontend, 0% Backend",backend,49,50,0.99,1.98,0,18116,0.06,0,0,2,0,https://www.greenenergyfreedom.net/index_tue.html,https://cdn.maxweb.com/productimages/8669/2/pay_ow3d2d_9a_p_g_resized160.png,the_ultimate_energizer_guide,2,The Ultimate Energizer Guide,https://affiliates-backoffice.maxweb.com/app#resources/8669/campaigns,https://affiliates-backoffice.maxweb.com/app#offer-details/8669/The%20Ultimate%20Energizer%20Guide,https://affiliates-backoffice.maxweb.com/app#sales-by-product/8669/The%20Ultimate%20Energizer%20Guide
8633,MarineFlex Ultra,Health Supplement,282,"0% Frontend, 0% Backend",backend,69,115,1.26,1.1,0,2984,0.07,0,0,2,1,https://bg.buymarineflex.com/VSL1/,https://cdn.clickcrm.com/productimages/8633/2/ma_i_e_flex_si_gle_bo_le_lyfce_p_g_resized160.png,marineflex_ultra,2,MarineFlex Ultra,,,
8592,Leanotox,Weight Loss,382,"0% Frontend, 0% Backend",backend,69,105,2.37,2.26,0,15261,0.02,0,0,2,0,https://www.Leanotox.com/special/,https://cdn.clickcrm.com/productimages/8592/2/400x501_lea_oxlklfx_p_g_resized160.png,leanotox,2,Leanotox,https://affiliates-backoffice.maxweb.com/app#resources/8592/campaigns,https://affiliates-backoffice.maxweb.com/app#offer-details/8592/Leanotox,https://affiliates-backoffice.maxweb.com/app#sales-by-product/8592/Leanotox
8591,FlowForce Max,Men's Health,370,"0% Frontend, 0% Backend",backend,69,115,2.54,2.21,0,175679,9.04,0,0,2,1,https://theflowforcemax.com/video.php,https://cdn.clickcrm.com/productimages/8591/2/flowfo_cek_f8_2_p_g_resized160.png,flowforce_max,2,FlowForce Max,https://affiliates-backoffice.maxweb.com/app#resources/8591/campaigns,https://affiliates-backoffice.maxweb.com/app#offer-details/8591/FlowForce%20Max,https://affiliates-backoffice.maxweb.com/app#sales-by-product/8591/FlowForce%20Max
8576,Fungus Therapy V1,Ecomm,262,"0% Frontend, 0% Backend",backend,69,65,1.61,2.48,0,3470,0.03,0,0,2,0,https://fungustherapypro.qinuxshop.com/,https://cdn.clickcrm.com/productimages/8576/3/p_oduc_1l3u2s9_p_g_resized160.png,fungus_therapy_v1,3,Fungus Therapy V1,https://affiliates-backoffice.maxweb.com/app#resources/8576/campaigns,https://affiliates-backoffice.maxweb.com/app#offer-details/8576/Fungus%20Therapy%20V1,https://affiliates-backoffice.maxweb.com/app#sales-by-product/8576/Fungus%20Therapy%20V1
8516,SeroBurn,Weight Loss,382,"0% Frontend, 0% Backend",backend,59,160,3.68,2.3,0,237867,8.49,0,0,2,1,https://seroburn.com/b/,https://cdn.softwareprojects.com/productimages/8516/2/se_obu_0xbhpo_p_g_resized160.png,serolean,2,SeroBurn,https://affiliates-backoffice.maxweb.com/app#resources/8516/campaigns,https://affiliates-backoffice.maxweb.com/app#offer-details/8516/SeroBurn,https://affiliates-backoffice.maxweb.com/app#sales-by-product/8516/SeroBurn
8514,Emperor’s Vigor Tonic,Men's Health,370,"0% Frontend, 0% Backend",backend,69,110,2.89,2.08,0,83531,0.26,0,0,2,1,https://theemperorsvigortonic.com/video.php,https://cdn.clickcrm.com/productimages/8514/2/p_od_1_bo_lec7_eo8_p_g_resized160.png,emperors_vigor_tonic,2,Emperor’s Vigor Tonic,,,
8500,PowerBite,Dental/Gum Health,406,"0% Frontend, 0% Backend",backend,69,115,2.16,1.88,0,20395,0.49,0,0,2,1,https://thepowerbite.com/video.php,https://cdn.maxweb.com/productimages/8500/3/p_od_1_bo_lelg3uff_p_g_resized160.png,powerbite,3,PowerBite,https://affiliates-backoffice.maxweb.com/app#resources/8500/campaigns,https://affiliates-backoffice.maxweb.com/app#offer-details/8500/PowerBite,https://affiliates-backoffice.maxweb.com/app#sales-by-product/8500/PowerBite
8471,The Growth Matrix,Dating,254,"0% Frontend, 0% Backend",backend,67,115,2.08,1.81,0,174519,0.59,0,0,2,0,https://getgrowthmatrix.com/0522-lgt.php,https://cdn.clickcrm.com/productimages/8471/2/sc_ee_sho_2023_08_23_085705ehb_v_jpg_resized160.jpg,the_growth_matrix,2,The Growth Matrix,https://affiliates-backoffice.maxweb.com/app#resources/8471/campaigns,https://affiliates-backoffice.maxweb.com/app#offer-details/8471/The%20Growth%20Matrix,https://affiliates-backoffice.maxweb.com/app#sales-by-product/8471/The%20Growth%20Matrix
8419,ProtoFlow,Men's Health,370,"0% Frontend, 0% Backend",backend,79,115,2.53,2.2,0,105919,7.41,0,0,2,1,https://tryprotoflow.com/v1-discovery/?,https://cdn.clickcrm.com/productimages/8419/3/i_em17vvjix_p_g_resized160.png,protoflow,3,ProtoFlow,https://affiliates-backoffice.maxweb.com/app#resources/8419/campaigns,https://affiliates-backoffice.maxweb.com/app#offer-details/8419/ProtoFlow,https://affiliates-backoffice.maxweb.com/app#sales-by-product/8419/ProtoFlow
8402,TerraCalm,Fungus,390,"0% Frontend, 0% Backend",backend,69,115,2.89,2.51,0,51418,1.95,0,0,2,1,https://theterracalm.com/video.php ,https://cdn.clickcrm.com/productimages/8402/3/p_od_1_bo_lelycepg_p_g_resized160.png,terracalm,3,TerraCalm,https://affiliates-backoffice.maxweb.com/app#resources/8402/campaigns,https://affiliates-backoffice.maxweb.com/app#offer-details/8402/TerraCalm,https://affiliates-backoffice.maxweb.com/app#sales-by-product/8402/TerraCalm
8396,FuzeBug,Ecomm,262,"0% Frontend, 0% Backend",backend,39.99,40,0.88,2.2,0,2177,0.43,0,0,2,0,https://offer.getyourfuzebug.com/info/1/int/v1/index.php,https://cdn.maxweb.com/productimages/8396/3/p_oduc_xv3xv_p_g_resized160.png,fuzebug,3,FuzeBug,https://affiliates-backoffice.maxweb.com/app#resources/8396/campaigns,https://affiliates-backoffice.maxweb.com/app#offer-details/8396/FuzeBug,https://affiliates-backoffice.maxweb.com/app#sales-by-product/8396/FuzeBug
8394,Breathe Green Dust Mite Fighter,Ecomm,262,"0% Frontend, 0% Backend",backend,13.32,26,0.59,2.09,0,1390,0.17,0,0,2,0,https://offer.buybreathegreenmitefighter.com/info/1/int/1/index-v1-dtlv1-dtcv2.php,https://cdn.clickcrm.com/productimages/8394/3/p_oduc_1azpjfpo_p_g_resized160.png,breathe_green_dust_mite_fighter,3,Breathe Green Dust Mite Fighter,https://affiliates-backoffice.maxweb.com/app#resources/8394/campaigns,https://affiliates-backoffice.maxweb.com/app#offer-details/8394/Breathe%20Green%20Dust%20Mite%20Fighter,https://affiliates-backoffice.maxweb.com/app#sales-by-product/8394/Breathe%20Green%20Dust%20Mite%20Fighter
8389,Neotonics,Skin/Beauty and Anti-Aging,294,"0% Frontend, 0% Backend",backend,69,95,2.16,2.28,0,103490,0.39,0,0,2,1,https://theneotonics.com/video.php,https://cdn.maxweb.com/productimages/8389/3/p_od_1_bo_levg6105_p_g_resized160.png,neotonics,3,Neotonics,https://affiliates-backoffice.maxweb.com/app#resources/8389/campaigns,https://affiliates-backoffice.maxweb.com/app#offer-details/8389/Neotonics,https://affiliates-backoffice.maxweb.com/app#sales-by-product/8389/Neotonics
8383,EndoPeak,Men's Health,370,"0% Frontend, 0% Backend",backend,69,125,2.41,1.93,0,249391,8.03,0,0,2,0,https://endopeak24.com/b/101.php,https://cdn.clickcrm.com/productimages/8383/2/sc_ee_sho_2023_07_21_101733_il_xx_jpg_resized160.jpg,endopeak,2,EndoPeak,https://affiliates-backoffice.maxweb.com/app#resources/8383/campaigns,https://affiliates-backoffice.maxweb.com/app#offer-details/8383/EndoPeak,https://affiliates-backoffice.maxweb.com/app#sales-by-product/8383/EndoPeak
8381,AquaPeace,Tinnitus,378,"0% Frontend, 0% Backend",backend,69,115,1.42,1.24,0,100915,1.49,0,0,2,1,https://theaquapeace.com/video.php,https://cdn.clickcrm.com/productimages/8381/2/p_od_1_bo_lej_bfjm_p_g_resized160.png,aquapeace,2,AquaPeace,https://affiliates-backoffice.maxweb.com/app#resources/8381/campaigns,https://affiliates-backoffice.maxweb.com/app#offer-details/8381/AquaPeace,https://affiliates-backoffice.maxweb.com/app#sales-by-product/8381/AquaPeace
8364,HoneyBurn,Weight Loss,382,"0% Frontend, 0% Backend",backend,69,115,1.5,1.3,0,55501,6.56,0,0,2,1,https://thehoneyburn.com/video.php,https://cdn.clickcrm.com/productimages/8364/3/p_od_1_bo_le6obi98_p_g_resized160.png,honeyburn,3,HoneyBurn,https://affiliates-backoffice.maxweb.com/app#resources/8364/campaigns,https://affiliates-backoffice.maxweb.com/app#offer-details/8364/HoneyBurn,https://affiliates-backoffice.maxweb.com/app#sales-by-product/8364/HoneyBurn
8293,Mosqinux Killamp,Ecomm,262,"0% Frontend, 0% Backend",backend,49.95,40,1.6,4.01,0,5887,0.16,0,0,2,0,https://mosqinuxkillamp.com/,https://cdn.clickcrm.com/productimages/8293/2/p_oduc_14we8g5_p_g_resized160.png,mosqinux_killamp,2,Mosqinux Killamp,https://affiliates-backoffice.maxweb.com/app#resources/8293/campaigns,https://affiliates-backoffice.maxweb.com/app#offer-details/8293/Mosqinux%20Killamp,https://affiliates-backoffice.maxweb.com/app#sales-by-product/8293/Mosqinux%20Killamp
8277,Miracle Lash,Skin/Beauty and Anti-Aging,294,"0% Frontend, 0% Backend",backend,79,95,1.71,1.85,0,160697,7.09,0,0,2,0,https://trymiraclelash.com/go/indexmw.php,https://cdn.clickcrm.com/productimages/8277/2/mi_acle_lash_1_bo_le_500pxewz_gh_p_g_resized160.png,miracle_lash,2,Miracle Lash,https://affiliates-backoffice.maxweb.com/app#resources/8277/campaigns,https://affiliates-backoffice.maxweb.com/app#offer-details/8277/Miracle%20Lash,https://affiliates-backoffice.maxweb.com/app#sales-by-product/8277/Miracle%20Lash
8276,Glowic,Skin/Beauty and Anti-Aging,294,"0% Frontend, 0% Backend",backend,89,85,1.62,1.91,0,67443,9.96,0,0,2,0,https://getglowic.com/go/indexmw.php,https://cdn.clickcrm.com/productimages/8276/2/glowic_500px_1bo_lesll0xp_p_g_resized160.png,glowic,2,Glowic,https://affiliates-backoffice.maxweb.com/app#resources/8276/campaigns,https://affiliates-backoffice.maxweb.com/app#offer-details/8276/Glowic,https://affiliates-backoffice.maxweb.com/app#sales-by-product/8276/Glowic
8260,VidaCalm - Studies lead,Tinnitus,378,"0% Frontend, 0% Backend",backend,69,115,2.13,1.86,0,107672,1.44,0,0,2,1,https://vidacalm.com/v1-study/,https://cdn.clickcrm.com/productimages/8260/2/i_em1u2syes_p_g_resized160.png,vidacalm___studies_lead,2,VidaCalm - Studies lead,https://affiliates-backoffice.maxweb.com/app#resources/8260/campaigns,https://affiliates-backoffice.maxweb.com/app#offer-details/8260/VidaCalm%20-%20Studies%20lead,https://affiliates-backoffice.maxweb.com/app#sales-by-product/8260/VidaCalm%20-%20Studies%20lead
8255,Fast Lean Pro,Weight Loss,382,"0% Frontend, 0% Backend",backend,69,100,1.78,1.78,0,366068,1.27,0,0,2,1,https://thefastleanpro.com/video.php,https://cdn.clickcrm.com/productimages/8255/2/p_od_1_bo_lep_y_ql_p_g_resized160.png,fast_lean_pro,2,Fast Lean Pro,https://affiliates-backoffice.maxweb.com/app#resources/8255/campaigns,https://affiliates-backoffice.maxweb.com/app#offer-details/8255/Fast%20Lean%20Pro,https://affiliates-backoffice.maxweb.com/app#sales-by-product/8255/Fast%20Lean%20Pro
8247,Mosqinux Flashbeam,Ecomm,262,"0% Frontend, 0% Backend",backend,59.95,55,1.32,2.4,0,23106,0.14,0,0,2,0,https://mosqinuxflashbeam.com/,https://cdn.clickcrm.com/productimages/8247/2/p_oduc_14axuip_p_g_resized160.png,mosqinux_flashbeam,2,Mosqinux Flashbeam,,,
8218,FitSpresso,Weight Loss,382,$130.00 CPA,cpa,69,130,2.92,2.25,0,1744183,9.85,0,0,2,0,https://getfitspresso.org/video/bg,https://cdn.clickcrm.com/productimages/8218/2/p_od_2xmdma_z_p_g_resized160.png,fitspresso,2,FitSpresso,https://affiliates-backoffice.maxweb.com/app#resources/8218/campaigns,https://affiliates-backoffice.maxweb.com/app#offer-details/8218/FitSpresso,https://affiliates-backoffice.maxweb.com/app#sales-by-product/8218/FitSpresso
8205,Qinux Kneessa,Ecomm,262,"0% Frontend, 0% Backend",backend,119.95,75,1.73,2.31,0,14366,1.02,0,0,2,0,https://qinuxkneessa.com/,https://cdn.clickcrm.com/productimages/8205/2/p_oduc_1_czsig_p_g_resized160.png,qinux_kneessa,2,Qinux Kneessa,https://affiliates-backoffice.maxweb.com/app#resources/8205/campaigns,https://affiliates-backoffice.maxweb.com/app#offer-details/8205/Qinux%20Kneessa,https://affiliates-backoffice.maxweb.com/app#sales-by-product/8205/Qinux%20Kneessa
8145,Metanail Complex ,Fungus,390,"0% Frontend, 0% Backend",backend,79,120,1.96,1.79,0,183472,11.76,0,0,2,0,https://metanailcomplex.pro/v1-discovery/,https://cdn.clickcrm.com/productimages/8145/2/i_em1omq3j7_p_g_esized333aog6qb_p_g_resized160.png,metanail_complex_,2,Metanail Complex ,https://affiliates-backoffice.maxweb.com/app#resources/8145/campaigns,https://affiliates-backoffice.maxweb.com/app#offer-details/8145/Metanail%20Complex%20,https://affiliates-backoffice.maxweb.com/app#sales-by-product/8145/Metanail%20Complex%20
8126,BellyFlush,Gut Health,410,"0% Frontend, 0% Backend",backend,59,75,1.37,1.83,0,99445,2.53,0,0,2,0,https://getbellyflush.com/go/indexnoaffprog.php,https://cdn.clickcrm.com/productimages/8126/2/bellyflush_bo_le_g_aphic_500px_1i2gsky_p_g_resized160.png,bellyflush,2,BellyFlush,https://affiliates-backoffice.maxweb.com/app#resources/8126/campaigns,https://affiliates-backoffice.maxweb.com/app#offer-details/8126/BellyFlush,https://affiliates-backoffice.maxweb.com/app#sales-by-product/8126/BellyFlush
8100,Infinite Energy System,Survival,270,"0% Frontend, 0% Backend",backend,49,50,0.97,1.95,0,76845,0,0,0,2,0,https://infiniteenergygenerator.com/index-infinite-tue.html,https://cdn.clickcrm.com/productimages/8100/2/mai_cove_wwhmdo_p_g_resized160.png,infinite_energy_system,2,Infinite Energy System,https://affiliates-backoffice.maxweb.com/app#resources/8100/campaigns,https://affiliates-backoffice.maxweb.com/app#offer-details/8100/Infinite%20Energy%20System,https://affiliates-backoffice.maxweb.com/app#sales-by-product/8100/Infinite%20Energy%20System
8060,GlucoBerry,Diabetes,366,"0% Frontend, 0% Backend",backend,59,120,2.55,2.13,0,318290,6.47,0,0,2,0,https://bloodsugarberry.net/vsl/,https://cdn.clickcrm.com/productimages/8060/3/glucobe_y_bg_1f0c_jf_jpg_esized333fcx_xu_jpg_resized160.jpg,glucoberry,3,GlucoBerry,https://affiliates-backoffice.maxweb.com/app#resources/8060/campaigns,https://affiliates-backoffice.maxweb.com/app#offer-details/8060/GlucoBerry,https://affiliates-backoffice.maxweb.com/app#sales-by-product/8060/GlucoBerry
8014,Flat Belly Melts,Weight Loss,382,"0% Frontend, 0% Backend",backend,59,105,2.47,2.35,0,427363,0.85,0,0,2,0,https://flatbellymelts.com/,https://cdn.clickcrm.com/productimages/8014/2/p_oduc_bo_les_16zwsal_p_g_resized160.png,flat_belly_melts,2,Flat Belly Melts,https://affiliates-backoffice.maxweb.com/app#resources/8014/campaigns,https://affiliates-backoffice.maxweb.com/app#offer-details/8014/Flat%20Belly%20Melts,https://affiliates-backoffice.maxweb.com/app#sales-by-product/8014/Flat%20Belly%20Melts
7995,UltraK9 Pro,Pet Care,458,"0% Frontend, 0% Backend",backend,207,170,2.21,1.3,0,579031,12.44,0,0,2,1,https://theultrak9pro.com/video.php,https://cdn.clickcrm.com/productimages/7995/3/p_od_3_bo_leljzl7l_p_g_resized160.png,ultrak9_pro,3,UltraK9 Pro,https://affiliates-backoffice.maxweb.com/app#resources/7995/campaigns,https://affiliates-backoffice.maxweb.com/app#offer-details/7995/UltraK9%20Pro,https://affiliates-backoffice.maxweb.com/app#sales-by-product/7995/UltraK9%20Pro
7981,Cleanest Body,Weight Loss,382,"0% Frontend, 0% Backend",backend,69,105,2.12,2.02,0,28789,0.78,0,0,2,1,https://thecleanestbody.com/video.php,https://cdn.clickcrm.com/productimages/7981/3/1bo_lehsolu_p_g_esized333x69_eo_p_g_resized160.png,cleanest_body,3,Cleanest Body,https://affiliates-backoffice.maxweb.com/app#resources/7981/campaigns,https://affiliates-backoffice.maxweb.com/app#offer-details/7981/Cleanest%20Body,https://affiliates-backoffice.maxweb.com/app#sales-by-product/7981/Cleanest%20Body
7956,Shein,,315,"0% Frontend, 0% Backend",backend,29,20,0.2,0.88,0,1921,0,0,0,2,0,https://vdl.media-bucket.com/yqldv/en/,https://cdn.clickcrm.com/productimages/7956/2/sc_ee_sho_2023_02_07_1249230vzj4g_p_g_resized160.png,shein,2,Shein,,,
7953,KeySlim VSL1- EMOTIONAL,Weight Loss,382,"0% Frontend, 0% Backend",backend,79,110,2.12,2.12,0,25930,0.14,0,0,2,1,https://keyslimdrops.cc/vsl1/,https://cdn.clickcrm.com/productimages/7953/2/ksd_1bo_legz4y9k_p_g_esized333f_eeef_p_g_resized160.png,keyslim_vsl1__emotional,2,KeySlim VSL1- EMOTIONAL,https://affiliates-backoffice.maxweb.com/app#resources/7953/campaigns,https://affiliates-backoffice.maxweb.com/app#offer-details/7953/KeySlim%20VSL1-%20EMOTIONAL,https://affiliates-backoffice.maxweb.com/app#sales-by-product/7953/KeySlim%20VSL1-%20EMOTIONAL
7948,Quietum Plus,Tinnitus,378,"0% Frontend, 0% Backend",backend,69,105,1.6,1.52,0,247438,2.89,0,0,2,1,https://thequietumplus.com/video.php,https://cdn.clickcrm.com/productimages/7948/2/p_od_1_bo_leumu3ac_p_g_resized160.png,quietum_plus,2,Quietum Plus,https://affiliates-backoffice.maxweb.com/app#resources/7948/campaigns,https://affiliates-backoffice.maxweb.com/app#offer-details/7948/Quietum%20Plus,https://affiliates-backoffice.maxweb.com/app#sales-by-product/7948/Quietum%20Plus
7930,Fast Brain Booster,Brain Health/Memory,414,$120.00 CPA,cpa,69,120,2.29,1.91,0,111004,2.64,0,0,2,1,https://fastbrainbooster.com/,https://cdn.clickcrm.com/productimages/7930/2/sc_ee_sho_2023_01_25_091216kbv5_w_p_g_resized160.png,fast_brain_booster,2,Fast Brain Booster,https://affiliates-backoffice.maxweb.com/app#resources/7930/campaigns,https://affiliates-backoffice.maxweb.com/app#offer-details/7930/Fast%20Brain%20Booster,https://affiliates-backoffice.maxweb.com/app#sales-by-product/7930/Fast%20Brain%20Booster
7916,ProstaClear,Men's Health,370,"0% Frontend, 0% Backend",backend,59,100,1.74,1.82,0,4495,0.21,0,0,2,0,https://getprostaclear.com/,https://cdn.clickcrm.com/productimages/7916/2/pkg3_1_lk_lw_p_g_resized160.png,prostaclear,2,ProstaClear,https://affiliates-backoffice.maxweb.com/app#resources/7916/campaigns,https://affiliates-backoffice.maxweb.com/app#offer-details/7916/ProstaClear,https://affiliates-backoffice.maxweb.com/app#sales-by-product/7916/ProstaClear
7915,Cardio Shield,Health Supplement,282,"0% Frontend, 0% Backend",backend,59,100,1.71,1.71,0,7381,0.33,0,0,2,0,https://getcardioshield.com/,https://cdn.clickcrm.com/productimages/7915/2/pkg3wljs_p_p_g_resized160.png,cardio_shield,2,Cardio Shield,https://affiliates-backoffice.maxweb.com/app#resources/7915/campaigns,https://affiliates-backoffice.maxweb.com/app#offer-details/7915/Cardio%20Shield,https://affiliates-backoffice.maxweb.com/app#sales-by-product/7915/Cardio%20Shield
7872,Prostadine,Men's Health,370,"0% Frontend, 0% Backend",backend,69,110,2.34,2.13,0,636678,3.59,0,0,2,1,https://theprostadine.com/video.php,https://cdn.clickcrm.com/productimages/7872/2/p_od_1_bo_lekovdld_p_g_resized160.png,prostadine,2,Prostadine,https://affiliates-backoffice.maxweb.com/app#resources/7872/campaigns,https://affiliates-backoffice.maxweb.com/app#offer-details/7872/Prostadine,https://affiliates-backoffice.maxweb.com/app#sales-by-product/7872/Prostadine
7834,Tactical Bracelet X,Survival,270,"0% Frontend, 0% Backend",backend,55,50,1.75,3.5,0,11877,0.59,0,0,2,0,https://tacticalbraceletx.com/,https://cdn.clickcrm.com/productimages/7834/2/u_i_11jydlc_p_g_resized160.png,tactical_bracelet_x,2,Tactical Bracelet X,https://affiliates-backoffice.maxweb.com/app#resources/7834/campaigns,https://affiliates-backoffice.maxweb.com/app#offer-details/7834/Tactical%20Bracelet%20X,https://affiliates-backoffice.maxweb.com/app#sales-by-product/7834/Tactical%20Bracelet%20X
7833,Suneem Solar Pack,Survival,270,"0% Frontend, 0% Backend",backend,129.95,80,2.22,2.85,0,8205,0.18,0,0,2,0,https://suneemsolarpack.com/,https://cdn.clickcrm.com/productimages/7833/2/img3k1mouo_jpg_resized160.jpg,suneem_solar_pack,2,Suneem Solar Pack,https://affiliates-backoffice.maxweb.com/app#resources/7833/campaigns,https://affiliates-backoffice.maxweb.com/app#offer-details/7833/Suneem%20Solar%20Pack,https://affiliates-backoffice.maxweb.com/app#sales-by-product/7833/Suneem%20Solar%20Pack
7832,Hairpoww,Ecomm,262,"0% Frontend, 0% Backend",backend,109.5,70,1.36,1.94,0,5144,0.68,0,0,2,0,https://hairpoww.com/,https://cdn.clickcrm.com/productimages/7832/2/logojgzwgk_p_g_resized160.png,hairpoww,2,Hairpoww,https://affiliates-backoffice.maxweb.com/app#resources/7832/campaigns,https://affiliates-backoffice.maxweb.com/app#offer-details/7832/Hairpoww,https://affiliates-backoffice.maxweb.com/app#sales-by-product/7832/Hairpoww
7820,PurpleBurn Pro,Weight Loss,382,"0% Frontend, 0% Backend",backend,69,90,1.72,1.85,0,22457,0.08,0,0,2,1,https://thepurpleburnpro.com/video.php,https://cdn.clickcrm.com/productimages/7820/2/p_od_1_bo_lekq_d7o_p_g_resized160.png,purpleburn_pro,2,PurpleBurn Pro,https://affiliates-backoffice.maxweb.com/app#resources/7820/campaigns,https://affiliates-backoffice.maxweb.com/app#offer-details/7820/PurpleBurn%20Pro,https://affiliates-backoffice.maxweb.com/app#sales-by-product/7820/PurpleBurn%20Pro
7819,Fungus Elixir TSL,Fungus,390,"0% Frontend, 0% Backend",backend,69,85,1.55,1.92,0,76585,0.34,0,0,2,1,https://funguselixir.com/,https://cdn.clickcrm.com/productimages/7819/2/fu_gus_elixi_x1_ljic_p_g_resized160.png,fungus_elixir,2,Fungus Elixir,https://affiliates-backoffice.maxweb.com/app#resources/7819/campaigns,https://affiliates-backoffice.maxweb.com/app#offer-details/7819/Fungus%20Elixir%20TSL,https://affiliates-backoffice.maxweb.com/app#sales-by-product/7819/Fungus%20Elixir%20TSL
7722,GlucoFlush,Diabetes,366,"0% Frontend, 0% Backend",backend,69,80,1.23,1.52,0,31427,0.18,0,0,2,1,https://theglucoflush.com/video.php,https://cdn.maxweb.com/productimages/7722/2/p_od_1_bo_le_3_mbcbdu_p_g_resized160.png,glucoflush,2,GlucoFlush,https://affiliates-backoffice.maxweb.com/app#resources/7722/campaigns,https://affiliates-backoffice.maxweb.com/app#offer-details/7722/GlucoFlush,https://affiliates-backoffice.maxweb.com/app#sales-by-product/7722/GlucoFlush
7713,GlucoTrust FR,French,306,"0% Frontend, 0% Backend",backend,69,80,1.56,1.95,0,7545,0.06,0,0,2,0,https://www.glucotrustfr.com/action/direct.php,https://cdn.maxweb.com/productimages/7713/2/gluco_us_g_ee_boxaxjpbh_p_g_resized160.png,glucotrust_fr,2,GlucoTrust FR,https://affiliates-backoffice.maxweb.com/app#resources/7713/campaigns,https://affiliates-backoffice.maxweb.com/app#offer-details/7713/GlucoTrust%20FR,https://affiliates-backoffice.maxweb.com/app#sales-by-product/7713/GlucoTrust%20FR
7695,Sexual Decoder System,Dating,254,"0% Frontend, 0% Backend",backend,69.95,80,2.21,2.76,0,25700,0.15,0,0,2,1,https://www.decodehersignals.com/special2-nosplit-nal.php,https://cdn.maxweb.com/productimages/7695/2/sexual_decode_sys_emk3jvdw_p_g_resized160.png,sexual_decoder_system,2,Sexual Decoder System,https://affiliates-backoffice.maxweb.com/app#resources/7695/campaigns,https://affiliates-backoffice.maxweb.com/app#offer-details/7695/Sexual%20Decoder%20System,https://affiliates-backoffice.maxweb.com/app#sales-by-product/7695/Sexual%20Decoder%20System
7694,Silent Seduction,Dating,254,"0% Frontend, 0% Backend",backend,69.95,80,2.32,2.9,0,152248,18.18,0,0,2,1,https://www.seducewithsilence.com/aff_special1_nal.php,https://cdn.maxweb.com/productimages/7694/2/sile_seduc_io_l42op_p_g_resized160.png,silent_seduction,2,Silent Seduction,https://affiliates-backoffice.maxweb.com/app#resources/7694/campaigns,https://affiliates-backoffice.maxweb.com/app#offer-details/7694/Silent%20Seduction,https://affiliates-backoffice.maxweb.com/app#sales-by-product/7694/Silent%20Seduction
7693,Stealth Attraction,Dating,254,"0% Frontend, 0% Backend",backend,69.95,80,1.52,1.9,0,244301,13.74,0,0,2,0,https://getherwetwithwords.com/videobc2/video-bc2-nal.php,https://cdn.maxweb.com/productimages/7693/2/s_eal_h_a_ac_io_b_a_d3izbzg_jpg_resized160.jpg,stealth_attraction,2,Stealth Attraction,https://affiliates-backoffice.maxweb.com/app#resources/7693/campaigns,https://affiliates-backoffice.maxweb.com/app#offer-details/7693/Stealth%20Attraction,https://affiliates-backoffice.maxweb.com/app#sales-by-product/7693/Stealth%20Attraction
7670,Fortbite,Dental/Gum Health,406,"0% Frontend, 0% Backend",backend,69,90,2.18,2.42,0,947373,0.9,0,0,2,1,https://thefortbite.com/video.php,https://cdn.maxweb.com/productimages/7670/2/p_od_1_bo_le_2_yib_s_p_g_resized160.png,fortbite,2,Fortbite,https://affiliates-backoffice.maxweb.com/app#resources/7670/campaigns,https://affiliates-backoffice.maxweb.com/app#offer-details/7670/Fortbite,https://affiliates-backoffice.maxweb.com/app#sales-by-product/7670/Fortbite
7664,GlucoTrust ,,362,"0% Frontend, 0% Backend",backend,69,130,2.89,2.23,0,6427,0.75,0,0,2,0,,https://cdn.maxweb.com/productimages/7664/2/gluco_us_1mfdoio_p_g_esized333k74bzh_p_g_resized160.png,glucotrust_,2,GlucoTrust ,,,
7650,SlimCrystal Bottle,Weight Loss,382,"0% Frontend, 0% Backend",backend,117,110,2.05,1.86,0,81873,17.91,0,0,2,0,https://slimcrystal.com/vsl,https://cdn.maxweb.com/productimages/7650/2/u_amed_1_qxmaw4_jpg_resized160.jpg,slimcrystal_bottle,2,SlimCrystal Bottle,https://affiliates-backoffice.maxweb.com/app#resources/7650/campaigns,https://affiliates-backoffice.maxweb.com/app#offer-details/7650/SlimCrystal%20Bottle,https://affiliates-backoffice.maxweb.com/app#sales-by-product/7650/SlimCrystal%20Bottle
7649,All Day Slimming Tea,Weight Loss,382,"0% Frontend, 0% Backend",backend,69,125,2.41,1.93,0,192938,5.95,0,0,2,0,https://allslimmingherbs.com/vsl,https://cdn.maxweb.com/productimages/7649/2/u_amedf0cm_i_jpg_resized160.jpg,all_day_slimming_tea,2,All Day Slimming Tea,https://affiliates-backoffice.maxweb.com/app#resources/7649/campaigns,https://affiliates-backoffice.maxweb.com/app#offer-details/7649/All%20Day%20Slimming%20Tea,https://affiliates-backoffice.maxweb.com/app#sales-by-product/7649/All%20Day%20Slimming%20Tea
7624,HauSafe Cam,Ecomm,262,"0% Frontend, 0% Backend",backend,49.95,45,1.2,2.66,0,33101,0.22,0,0,2,1,https://hausafecamhd.com/,https://cdn.maxweb.com/productimages/7624/2/p_oduc_1_8yme_p_g_resized160.png,hausafe_cam,2,HauSafe Cam,https://affiliates-backoffice.maxweb.com/app#resources/7624/campaigns,https://affiliates-backoffice.maxweb.com/app#offer-details/7624/HauSafe%20Cam,https://affiliates-backoffice.maxweb.com/app#sales-by-product/7624/HauSafe%20Cam
7570,Red Boost ,Men's Health,370,"0% Frontend, 0% Backend",backend,59,90,2.15,2.39,0,644137,5.16,0,0,2,0,https://hardwoodtonic.com/discovery,https://cdn.maxweb.com/productimages/7570/2/ow96pjiqozywju_p_g_resized160.png,red_boost_,2,Red Boost ,https://affiliates-backoffice.maxweb.com/app#resources/7570/campaigns,https://affiliates-backoffice.maxweb.com/app#offer-details/7570/Red%20Boost%20,https://affiliates-backoffice.maxweb.com/app#sales-by-product/7570/Red%20Boost%20
7543,LeanBiome,Weight Loss,382,"0% Frontend, 0% Backend",backend,59,105,2.48,2.36,0,911742,41.46,0,0,2,0,https://leanlifenow.com/vsl/?afl=n,https://cdn.maxweb.com/productimages/7543/2/bo_lexxwbcb_p_g_resized160.png,leanbiome,2,LeanBiome,https://affiliates-backoffice.maxweb.com/app#resources/7543/campaigns,https://affiliates-backoffice.maxweb.com/app#offer-details/7543/LeanBiome,https://affiliates-backoffice.maxweb.com/app#sales-by-product/7543/LeanBiome
7536,RC Xtreme Regenerative Serum,Skin/Beauty and Anti-Aging,294,"0% Frontend, 0% Backend",backend,69.9,75,1.35,1.8,0,4215,0.2,0,0,2,1,https://riscellshop.com/,https://cdn.maxweb.com/productimages/7536/2/advp_oduc_10xyxgv_jpg_resized160.jpg,rc_xtreme_regenerative_serum,2,RC Xtreme Regenerative Serum,https://affiliates-backoffice.maxweb.com/app#resources/7536/campaigns,https://affiliates-backoffice.maxweb.com/app#offer-details/7536/RC%20Xtreme%20Regenerative%20Serum,https://affiliates-backoffice.maxweb.com/app#sales-by-product/7536/RC%20Xtreme%20Regenerative%20Serum
7535,RC Antiaging Serum ,Skin/Beauty and Anti-Aging,294,"0% Frontend, 0% Backend",backend,69.9,75,1.3,1.73,0,1910,0.11,0,0,2,0,https://riscellshop.com/,https://cdn.maxweb.com/productimages/7535/2/advp_oduc_10u2upq_jpg_resized160.jpg,rc_antiaging_serum_,2,RC Antiaging Serum ,https://affiliates-backoffice.maxweb.com/app#resources/7535/campaigns,https://affiliates-backoffice.maxweb.com/app#offer-details/7535/RC%20Antiaging%20Serum%20,https://affiliates-backoffice.maxweb.com/app#sales-by-product/7535/RC%20Antiaging%20Serum%20
7498,Lotto Knacker DE,German,358,"0% Frontend, 0% Backend",backend,199,90,1.06,1.06,0,2356,0.13,0,0,2,1,https://lottoknacker.net/ds/video-3/,https://cdn.maxweb.com/productimages/7498/2/qw28vsxhufdlxy_p_g_resized160.png,lotto_knacker_de,2,Lotto Knacker DE,https://affiliates-backoffice.maxweb.com/app#resources/7498/campaigns,https://affiliates-backoffice.maxweb.com/app#offer-details/7498/Lotto%20Knacker%20DE,https://affiliates-backoffice.maxweb.com/app#sales-by-product/7498/Lotto%20Knacker%20DE
7423,Kerassentials,Fungus,390,"0% Frontend, 0% Backend",backend,69,100,2.22,2.22,0,1030892,0.78,0,0,2,1,https://thekerassentials.com/video.php,https://cdn.maxweb.com/productimages/7423/2/ke_ajvs_l_p_g_resized160.png,kerassentials,2,Kerassentials,https://affiliates-backoffice.maxweb.com/app#resources/7423/campaigns,https://affiliates-backoffice.maxweb.com/app#offer-details/7423/Kerassentials,https://affiliates-backoffice.maxweb.com/app#sales-by-product/7423/Kerassentials
7386,iGenics,Vision,402,"0% Frontend, 0% Backend",backend,59,80,1.34,1.68,0,244532,0.33,0,0,2,0,https://blurryvisionbreakthrough.com/,https://cdn.maxweb.com/productimages/7386/2/ige_icswgybso_p_g_resized160.png,igenics,2,iGenics,https://affiliates-backoffice.maxweb.com/app#resources/7386/campaigns,https://affiliates-backoffice.maxweb.com/app#offer-details/7386/iGenics,https://affiliates-backoffice.maxweb.com/app#sales-by-product/7386/iGenics
7374,Fluxactive,Men's Health,370,"0% Frontend, 0% Backend",backend,79,105,2.62,2.5,0,275972,3.26,0,0,2,1,https://fluxactive.cc/vslv1/,https://cdn.maxweb.com/productimages/7374/2/fluxcoj6e_p_g_resized160.png,fluxactive,2,Fluxactive,https://affiliates-backoffice.maxweb.com/app#resources/7374/campaigns,https://affiliates-backoffice.maxweb.com/app#offer-details/7374/Fluxactive,https://affiliates-backoffice.maxweb.com/app#sales-by-product/7374/Fluxactive
7359,AudiVax,Tinnitus,378,"0% Frontend, 0% Backend",backend,69,125,2.41,1.93,0,205488,1.56,0,0,2,0,https://audivax.com/,https://cdn.maxweb.com/productimages/7359/2/audivaxbdd8we_p_g_resized160.png,audivax,2,AudiVax,https://affiliates-backoffice.maxweb.com/app#resources/7359/campaigns,https://affiliates-backoffice.maxweb.com/app#offer-details/7359/AudiVax,https://affiliates-backoffice.maxweb.com/app#sales-by-product/7359/AudiVax
7358,OcuRenew,Vision,402,"0% Frontend, 0% Backend",backend,69,125,2.28,1.82,0,158580,2.93,0,0,2,0,https://ocurenew.com/,https://cdn.maxweb.com/productimages/7358/2/ocuvzgyf7_p_g_resized160.png,ocurenew,2,OcuRenew,https://affiliates-backoffice.maxweb.com/app#resources/7358/campaigns,https://affiliates-backoffice.maxweb.com/app#offer-details/7358/OcuRenew,https://affiliates-backoffice.maxweb.com/app#sales-by-product/7358/OcuRenew
7350,Septifix,Ecomm,262,"0% Frontend, 0% Backend",backend,69,80,1.26,1.57,0,164409,18.01,0,0,2,0,https://beae1dbals9vfkfqkk7gs99p9l.hop.clickbank.net/,https://cdn.maxweb.com/productimages/7350/2/sep_ifixc8x_hj_p_g_resized160.png,septifix,2,Septifix,https://affiliates-backoffice.maxweb.com/app#resources/7350/campaigns,https://affiliates-backoffice.maxweb.com/app#offer-details/7350/Septifix,https://affiliates-backoffice.maxweb.com/app#sales-by-product/7350/Septifix
7324,Female Vitality Blueprint,Health Digital,246,"0% Frontend, 0% Backend",backend,37,65,0.74,1.14,0,44528,0.25,0,0,2,0,https://fvblueprint.com/?hop=mweb1,https://cdn.maxweb.com/productimages/7324/2/femjkvxc_p_g_resized160.png,female_vitality_blueprint,2,Female Vitality Blueprint,https://affiliates-backoffice.maxweb.com/app#resources/7324/campaigns,https://affiliates-backoffice.maxweb.com/app#offer-details/7324/Female%20Vitality%20Blueprint,https://affiliates-backoffice.maxweb.com/app#sales-by-product/7324/Female%20Vitality%20Blueprint
7316,FoliPrime,Hair Health,394,"0% Frontend, 0% Backend",backend,69,80,0.88,1.1,0,63590,0.54,0,0,2,1,http://thefoliprime.com/video.php,https://cdn.maxweb.com/productimages/7316/2/foliosj1eq_p_g_resized160.png,foliprime,2,FoliPrime,https://affiliates-backoffice.maxweb.com/app#resources/7316/campaigns,https://affiliates-backoffice.maxweb.com/app#offer-details/7316/FoliPrime,https://affiliates-backoffice.maxweb.com/app#sales-by-product/7316/FoliPrime
7312,TheyaVue VSL,Vision,402,"0% Frontend, 0% Backend",backend,69,105,2.11,2.01,0,445113,1.28,0,0,2,0,https://gettheyavue.com/cb/research,https://cdn.maxweb.com/productimages/7312/2/_hemb_1jk_p_g_resized160.png,theya_vue_vsl,2,TheyaVue VSL,https://affiliates-backoffice.maxweb.com/app#resources/7312/campaigns,https://affiliates-backoffice.maxweb.com/app#offer-details/7312/TheyaVue%20VSL,https://affiliates-backoffice.maxweb.com/app#sales-by-product/7312/TheyaVue%20VSL
7247,Sonovive,Tinnitus,378,"0% Frontend, 0% Backend",backend,69,80,1.65,2.08,0,164172,2.71,0,0,2,1,https://thesonovive.com/video.php?aff_id=262,https://cdn.maxweb.com/productimages/7247/2/so_ovive5eqyfe_p_g_resized160.png,sonovive,2,Sonovive,https://affiliates-backoffice.maxweb.com/app#resources/7247/campaigns,https://affiliates-backoffice.maxweb.com/app#offer-details/7247/Sonovive,https://affiliates-backoffice.maxweb.com/app#sales-by-product/7247/Sonovive
7240,Zinc7,Health Supplement,282,"0% Frontend, 0% Backend",backend,60,50,0.63,1.25,0,153740,18.05,0,0,2,0,https://getzinc7.com/z7-zinc-5929-v3-a2,https://cdn.maxweb.com/productimages/7240/2/zi_cc8jgqz_p_g_resized160.png,zinc7,2,Zinc7,https://affiliates-backoffice.maxweb.com/app#resources/7240/campaigns,https://affiliates-backoffice.maxweb.com/app#offer-details/7240/Zinc7,https://affiliates-backoffice.maxweb.com/app#sales-by-product/7240/Zinc7
7214,Hidragenix,Weight Loss,382,"0% Frontend, 0% Backend",backend,69,80,1.1,1.38,0,15815,4.53,0,0,2,1,https://thehidragenix.com/video.php,https://cdn.maxweb.com/productimages/7214/2/hyd_age_ixxjbpep_p_g_resized160.png,hidragenix,2,Hidragenix,https://affiliates-backoffice.maxweb.com/app#resources/7214/campaigns,https://affiliates-backoffice.maxweb.com/app#offer-details/7214/Hidragenix,https://affiliates-backoffice.maxweb.com/app#sales-by-product/7214/Hidragenix
7213,Cardio Clear 7,Heart Health,466,"0% Frontend, 0% Backend",backend,49.95,70,1.74,2.49,0,51697,1.03,0,0,2,0,https://cardioclear7.com/go/,https://cdn.maxweb.com/productimages/7213/2/ca_diclea_52s3s1_p_g_resized160.png,cardio_clear_7,2,Cardio Clear 7,https://affiliates-backoffice.maxweb.com/app#resources/7213/campaigns,https://affiliates-backoffice.maxweb.com/app#offer-details/7213/Cardio%20Clear%207,https://affiliates-backoffice.maxweb.com/app#sales-by-product/7213/Cardio%20Clear%207
7187,Totally Bangin,Skin/Beauty and Anti-Aging,294,"0% Frontend, 0% Backend",backend,47.77,40,1.03,2.58,0,1411,0.13,0,0,2,0,https://hop.clickbank.net/?affiliate=turbomw&vendor=turboinc&tid=mweb1,https://cdn.maxweb.com/productimages/7187/2/_o_allyzmb9bf_p_g_resized160.png,totally_bangin,2,Totally Bangin,https://affiliates-backoffice.maxweb.com/app#resources/7187/campaigns,https://affiliates-backoffice.maxweb.com/app#offer-details/7187/Totally%20Bangin,https://affiliates-backoffice.maxweb.com/app#sales-by-product/7187/Totally%20Bangin
7175,Lean Belly Juice,Weight Loss,382,"0% Frontend, 0% Backend",backend,69,100,2.46,2.46,0,671175,2.18,0,0,2,0,https://leanbellyjuice.com/discovery,https://cdn.maxweb.com/productimages/7175/2/lea_bellyjuiceusqyhf_p_g_resized160.png,lean_belly_juice,2,Lean Belly Juice,https://affiliates-backoffice.maxweb.com/app#resources/7175/campaigns,https://affiliates-backoffice.maxweb.com/app#offer-details/7175/Lean%20Belly%20Juice,https://affiliates-backoffice.maxweb.com/app#sales-by-product/7175/Lean%20Belly%20Juice
7147,Triple Liver Health,Liver Health,434,"0% Frontend, 0% Backend",backend,49,90,2.11,2.35,0,44037,0.52,0,0,2,1,https://tripleliverhealth.com/v1?aff_id=10802,https://cdn.maxweb.com/productimages/7147/2/heal_haa2hfv_p_g_resized160.png,triple_liver_health,2,Triple Liver Health,https://affiliates-backoffice.maxweb.com/app#resources/7147/campaigns,https://affiliates-backoffice.maxweb.com/app#offer-details/7147/Triple%20Liver%20Health,https://affiliates-backoffice.maxweb.com/app#sales-by-product/7147/Triple%20Liver%20Health
7146,Triple Collagen,Skin/Beauty and Anti-Aging,294,"0% Frontend, 0% Backend",backend,49,90,2.18,2.42,0,23900,0.58,0,0,2,1,https://triplecollagen.com/v1?aff_id=10798,https://cdn.maxweb.com/productimages/7146/2/_iple_collage_gcjsm_p_g_resized160.png,triple_collagen,2,Triple Collagen,https://affiliates-backoffice.maxweb.com/app#resources/7146/campaigns,https://affiliates-backoffice.maxweb.com/app#offer-details/7146/Triple%20Collagen,https://affiliates-backoffice.maxweb.com/app#sales-by-product/7146/Triple%20Collagen
7143,TonicGreens,Health Supplement,282,"0% Frontend, 0% Backend",backend,79,100,2.78,2.65,0,643514,18.57,0,0,2,1,https://tonic.phytogreens.net/vslv2/,https://cdn.maxweb.com/productimages/7143/2/_o_ic9q3pj9_p_g_resized160.png,tonicgreens_short,2,TonicGreens,https://affiliates-backoffice.maxweb.com/app#resources/7143/campaigns,https://affiliates-backoffice.maxweb.com/app#offer-details/7143/TonicGreens,https://affiliates-backoffice.maxweb.com/app#sales-by-product/7143/TonicGreens
7068,Phalogenics Adv,Dating,254,"0% Frontend, 0% Backend",backend,69,100,1.1,1.1,0,50566,0.07,0,0,2,0,https://bit.ly/3eYqA9M,https://cdn.maxweb.com/productimages/7068/2/phaloge_icsccs3h5_p_g_resized160.png,phalogenics_adv,2,Phalogenics Adv,https://affiliates-backoffice.maxweb.com/app#resources/7068/campaigns,https://affiliates-backoffice.maxweb.com/app#offer-details/7068/Phalogenics%20Adv,https://affiliates-backoffice.maxweb.com/app#sales-by-product/7068/Phalogenics%20Adv
7067,Squirting School Adv,Dating,254,"0% Frontend, 0% Backend",backend,67,100,1.02,1.02,0,886011,5.76,0,0,2,0,https://bit.ly/3r4GWDw,https://cdn.maxweb.com/productimages/7067/2/squi_lqgj9q_p_g_resized160.png,squirting_school_adv,2,Squirting School Adv,https://affiliates-backoffice.maxweb.com/app#resources/7067/campaigns,https://affiliates-backoffice.maxweb.com/app#offer-details/7067/Squirting%20School%20Adv,https://affiliates-backoffice.maxweb.com/app#sales-by-product/7067/Squirting%20School%20Adv
7044,Endura Naturals Adv,Men's Health,370,"0% Frontend, 0% Backend",backend,69,135,1.39,1.16,0,475744,21.45,0,0,2,0,https://enduranaturals.com/kon0901/index.php?uid=53&oid=4&affid=202,https://cdn.maxweb.com/productimages/7044/2/e_du_ac9gm6f_p_g_resized160.png,endura_naturals_adv,2,Endura Naturals Adv,https://affiliates-backoffice.maxweb.com/app#resources/7044/campaigns,https://affiliates-backoffice.maxweb.com/app#offer-details/7044/Endura%20Naturals%20Adv,https://affiliates-backoffice.maxweb.com/app#sales-by-product/7044/Endura%20Naturals%20Adv
7027,Nerve Soothe,Nerve Health,398,"0% Frontend, 0% Backend",backend,69,110,3.05,2.77,0,1478769,9.66,0,0,2,0,https://getneuropure.com/index-vsl-np-2,https://cdn.softwareprojects.com/productimages/7027/2/2_d6pwo_p_g_resized160.png,neuropure,2,NeuroPure,https://affiliates-backoffice.maxweb.com/app#resources/7027/campaigns,https://affiliates-backoffice.maxweb.com/app#offer-details/7027/Nerve%20Soothe,https://affiliates-backoffice.maxweb.com/app#sales-by-product/7027/Nerve%20Soothe
6998,MetaboFix,Weight Loss,382,"0% Frontend, 0% Backend",backend,69,80,1.14,1.42,0,136807,0.16,0,0,2,0,https://metabo-fix.com/vsl1.php,https://cdn.maxweb.com/productimages/6998/2/me_abofix_pvdpx_p_g_resized160.png,metabofix,2,MetaboFix,https://affiliates-backoffice.maxweb.com/app#resources/6998/campaigns,https://affiliates-backoffice.maxweb.com/app#offer-details/6998/MetaboFix,https://affiliates-backoffice.maxweb.com/app#sales-by-product/6998/MetaboFix
6961,Hydracellum,Skin/Beauty and Anti-Aging,294,"0% Frontend, 0% Backend",backend,69,90,2.4,2.67,0,310684,1.35,0,0,2,1,https://thehydracellum.com/video.php,https://cdn.maxweb.com/productimages/6961/2/hyd_acellhwyu_h_p_g_resized160.png,hydracellum,2,Hydracellum,https://affiliates-backoffice.maxweb.com/app#resources/6961/campaigns,https://affiliates-backoffice.maxweb.com/app#offer-details/6961/Hydracellum,https://affiliates-backoffice.maxweb.com/app#sales-by-product/6961/Hydracellum
6924,NervoLink,Nerve Health,398,"0% Frontend, 0% Backend",backend,69,80,1.51,1.89,0,240281,0.43,0,0,2,1,https://thenervolink.com/video.php,https://cdn.maxweb.com/productimages/6924/2/_e_voli_kmfv_yq_jpg_resized160.jpg,nervolink,2,NervoLink,https://affiliates-backoffice.maxweb.com/app#resources/6924/campaigns,https://affiliates-backoffice.maxweb.com/app#offer-details/6924/NervoLink,https://affiliates-backoffice.maxweb.com/app#sales-by-product/6924/NervoLink
6874,Mycosyn Pro,Fungus,390,"0% Frontend, 0% Backend",backend,69,80,1.02,1.27,0,81087,0.28,0,0,2,1,https://themycosynpro.com/video.php,https://cdn.maxweb.com/productimages/6874/2/mycosi_y1b1e_p_g_resized160.png,mycosyn_pro,2,Mycosyn Pro,https://affiliates-backoffice.maxweb.com/app#resources/6874/campaigns,https://affiliates-backoffice.maxweb.com/app#offer-details/6874/Mycosyn%20Pro,https://affiliates-backoffice.maxweb.com/app#sales-by-product/6874/Mycosyn%20Pro
6873,Arteris Plus,Health Supplement,282,"0% Frontend, 0% Backend",backend,69,80,1.06,1.32,0,599918,2.73,0,0,2,1,https://thearterisplus.com/video.php,https://cdn.maxweb.com/productimages/6873/2/a_e_iskjvdec_p_g_resized160.png,arteris_plus,2,Arteris Plus,https://affiliates-backoffice.maxweb.com/app#resources/6873/campaigns,https://affiliates-backoffice.maxweb.com/app#offer-details/6873/Arteris%20Plus,https://affiliates-backoffice.maxweb.com/app#sales-by-product/6873/Arteris%20Plus
6832,Keragenis,Fungus,390,"0% Frontend, 0% Backend",backend,69,100,2.16,2.16,0,313162,0.48,0,0,2,1,https://thekeragenis.com/video.php,https://cdn.maxweb.com/productimages/6832/2/ke_aup_kvp1_mi_1ojdllbo52ao_p_g_resized160.png,keragenis,2,Keragenis,https://affiliates-backoffice.maxweb.com/app#resources/6832/campaigns,https://affiliates-backoffice.maxweb.com/app#offer-details/6832/Keragenis,https://affiliates-backoffice.maxweb.com/app#sales-by-product/6832/Keragenis
6824,Visium Plus,Vision,402,"0% Frontend, 0% Backend",backend,69,80,1.06,1.28,0,68991,4.25,0,0,2,1,https://thevisiumplus.com/video.php,https://cdn.maxweb.com/productimages/6824/2/visium_plusdi0bzm_jpg_resized160.jpg,visium_plus,2,Visium Plus,https://affiliates-backoffice.maxweb.com/app#resources/6824/campaigns,https://affiliates-backoffice.maxweb.com/app#offer-details/6824/Visium%20Plus,https://affiliates-backoffice.maxweb.com/app#sales-by-product/6824/Visium%20Plus
6814,Forti Prime,Health Supplement,282,"0% Frontend, 0% Backend",backend,69,80,1.61,2.01,0,701588,1.01,0,0,2,1,https://thefortiprime.com/video.php,https://cdn.maxweb.com/productimages/6814/2/fo_i1_bo_lebglx43z_k_p_p_g_resized160.png,forti_prime,2,Forti Prime,https://affiliates-backoffice.maxweb.com/app#resources/6814/campaigns,https://affiliates-backoffice.maxweb.com/app#offer-details/6814/Forti%20Prime,https://affiliates-backoffice.maxweb.com/app#sales-by-product/6814/Forti%20Prime
6806,SynoGut,Gut Health,410,$100.00 CPA,cpa,69,100,1.58,1.58,0,2462905,7.05,0,0,2,1,https://thesynogut.com/video.php,https://cdn.maxweb.com/productimages/6806/2/sy_ogu_vopdpq_p_g_resized160.png,synogut,2,SynoGut,https://affiliates-backoffice.maxweb.com/app#resources/6806/campaigns,https://affiliates-backoffice.maxweb.com/app#offer-details/6806/SynoGut,https://affiliates-backoffice.maxweb.com/app#sales-by-product/6806/SynoGut
6801,VivoTonic,Diabetes,366,,,79,100,1.12,1.12,0,66083,1.85,0,0,2,1,https://get.vivotonic.com/video/,https://cdn.maxweb.com/productimages/6801/2/viv1_uf_ddae3o6m_p_g_resized160.png,vivotonic,2,VivoTonic,https://affiliates-backoffice.maxweb.com/app#resources/6801/campaigns,https://affiliates-backoffice.maxweb.com/app#offer-details/6801/VivoTonic,https://affiliates-backoffice.maxweb.com/app#sales-by-product/6801/VivoTonic
6795,DentiVive,Dental/Gum Health,406,,,69,80,0.92,1.22,0,110870,0.9,0,0,2,1,https://thedentivive.com/video.php,https://cdn.maxweb.com/productimages/6795/2/de_ivivegobapo_p_g_resized160.png,dentivive,2,DentiVive,https://affiliates-backoffice.maxweb.com/app#resources/6795/campaigns,https://affiliates-backoffice.maxweb.com/app#offer-details/6795/DentiVive,https://affiliates-backoffice.maxweb.com/app#sales-by-product/6795/DentiVive
6778,Serenity Prime,Tinnitus,378,,,69,80,0.76,0.95,0,57132,0.38,0,0,2,1,https://theserenityprime.com/video.php,https://cdn.maxweb.com/productimages/6778/2/sep1_mjg_v3x3uuqpi_p_g_resized160.png,serenity_prime,2,Serenity Prime,https://affiliates-backoffice.maxweb.com/app#resources/6778/campaigns,https://affiliates-backoffice.maxweb.com/app#offer-details/6778/Serenity%20Prime,https://affiliates-backoffice.maxweb.com/app#sales-by-product/6778/Serenity%20Prime
6739,Claritox Pro,Brain Health/Memory,414,,,69,80,1.24,1.55,0,1196953,3.36,0,0,2,1,https://theclaritox.com/video.php,https://cdn.maxweb.com/productimages/6739/2/cox1okuskjc_gikc_p_g_resized160.png,claritoxpro,2,Claritox Pro,https://affiliates-backoffice.maxweb.com/app#resources/6739/campaigns,https://affiliates-backoffice.maxweb.com/app#offer-details/6739/Claritox%20Pro,https://affiliates-backoffice.maxweb.com/app#sales-by-product/6739/Claritox%20Pro
6736,Dentitox Pro,Dental/Gum Health,406,,,69,90,1.4,1.55,0,781956,2.6,0,0,2,1,https://thedentitox.com/video.php,https://cdn.maxweb.com/productimages/6736/2/up_dex1_mi_uzhkv_hgcbb_jpg_resized160.jpg,dentitoxpro,2,Dentitox Pro,https://affiliates-backoffice.maxweb.com/app#resources/6736/campaigns,https://affiliates-backoffice.maxweb.com/app#offer-details/6736/Dentitox%20Pro,https://affiliates-backoffice.maxweb.com/app#sales-by-product/6736/Dentitox%20Pro
6732,Restolin,Hair Health,394,,,69,80,1.06,1.33,0,251976,1.09,0,0,2,1,https://therestolin.com/video.php,https://cdn.maxweb.com/productimages/6732/2/_es_oli_1_humbvu21b_pxwz2_p_g_resized160.png,restolin,2,Restolin,https://affiliates-backoffice.maxweb.com/app#resources/6732/campaigns,https://affiliates-backoffice.maxweb.com/app#offer-details/6732/Restolin,https://affiliates-backoffice.maxweb.com/app#sales-by-product/6732/Restolin
6673,National Vision Improvement,Health Digital,246,,,37,32,0.36,1.12,0,25832,0.53,0,0,2,0,https://nationalvisionimprovement.com/vsl,https://cdn.maxweb.com/productimages/6673/2/_a_io_al_visio_2g46cl_p_g_resized160.png,national_vision,2,National Vision Improvement,https://affiliates-backoffice.maxweb.com/app#resources/6673/campaigns,https://affiliates-backoffice.maxweb.com/app#offer-details/6673/National%20Vision%20Improvement,https://affiliates-backoffice.maxweb.com/app#sales-by-product/6673/National%20Vision%20Improvement
6669,Derma Prime Plus,Skin/Beauty and Anti-Aging,294,,,69,80,1.01,1.26,0,87072,0.73,0,0,2,1,https://thedermaprimeplus.com/video.php,https://cdn.maxweb.com/productimages/6669/2/de_map_imeejuh09_p_g_resized160.png,derma_prime_plus,2,Derma Prime Plus,https://affiliates-backoffice.maxweb.com/app#resources/6669/campaigns,https://affiliates-backoffice.maxweb.com/app#offer-details/6669/Derma%20Prime%20Plus,https://affiliates-backoffice.maxweb.com/app#sales-by-product/6669/Derma%20Prime%20Plus
6663,MemoDefend,Brain Health/Memory,414,,,69,90,1.55,1.72,0,211095,1.91,0,0,2,1,https://thememodefend.com/video.php,https://cdn.maxweb.com/productimages/6663/2/memodefe_dwvpmiq_p_g_resized160.png,memodefend,2,MemoDefend,https://affiliates-backoffice.maxweb.com/app#resources/6663/campaigns,https://affiliates-backoffice.maxweb.com/app#offer-details/6663/MemoDefend,https://affiliates-backoffice.maxweb.com/app#sales-by-product/6663/MemoDefend
6660,Gluco Shield Pro,Diabetes,366,,,69,80,1.38,1.72,0,116354,1.32,0,0,2,1,https://theglucoshieldpro.com/video.php,https://cdn.maxweb.com/productimages/6660/2/glucoshieldp_o_k_g3_p_g_resized160.png,gluco_shield_pro,2,Gluco Shield Pro,https://affiliates-backoffice.maxweb.com/app#resources/6660/campaigns,https://affiliates-backoffice.maxweb.com/app#offer-details/6660/Gluco%20Shield%20Pro,https://affiliates-backoffice.maxweb.com/app#sales-by-product/6660/Gluco%20Shield%20Pro
6622,Energy Cube System,Survival,270,,,47,32,0.16,0.5,0,8132,0.12,0,0,2,1,https://www.energycubesystem.com/,https://cdn.maxweb.com/productimages/6622/2/e_e_gycube8wva_p_g_resized160.png,energycubesystem,2,Energy Cube System,https://affiliates-backoffice.maxweb.com/app#resources/6622/campaigns,https://affiliates-backoffice.maxweb.com/app#offer-details/6622/Energy%20Cube%20System,https://affiliates-backoffice.maxweb.com/app#sales-by-product/6622/Energy%20Cube%20System
6581,Nano C,Health Supplement,282,,,49,90,0.5,0.55,0,25527,0.51,0,0,2,0,https://immunesystemfuel.net/,https://cdn.maxweb.com/productimages/6581/2/_a_oc1mkxwxo_p_g_resized160.png,nanoc,2,Nano C,https://affiliates-backoffice.maxweb.com/app#resources/6581/campaigns,https://affiliates-backoffice.maxweb.com/app#offer-details/6581/Nano%20C,https://affiliates-backoffice.maxweb.com/app#sales-by-product/6581/Nano%20C
6569,Memo Max Pro,Brain Health/Memory,414,,,69,80,1.24,1.55,0,99585,1.79,0,0,2,1,https://thememomaxpro.com/video.php,https://cdn.maxweb.com/productimages/6569/2/memomaxp_oqlsbg2_p_g_resized160.png,memo_max_pro,2,Memo Max Pro,https://affiliates-backoffice.maxweb.com/app#resources/6569/campaigns,https://affiliates-backoffice.maxweb.com/app#offer-details/6569/Memo%20Max%20Pro,https://affiliates-backoffice.maxweb.com/app#sales-by-product/6569/Memo%20Max%20Pro
6531,Triple Fungus Blast,Fungus,390,,,49.95,70,1.07,1.54,0,94349,0.91,0,0,2,1,https://triplefungusblast.com/v1,https://cdn.maxweb.com/productimages/6531/2/_iple_fu_gus_blas_h_d_ii_p_g_resized160.png,triple_fungus_blast,2,Triple Fungus Blast,https://affiliates-backoffice.maxweb.com/app#resources/6531/campaigns,https://affiliates-backoffice.maxweb.com/app#offer-details/6531/Triple%20Fungus%20Blast,https://affiliates-backoffice.maxweb.com/app#sales-by-product/6531/Triple%20Fungus%20Blast
6530,Triple Blood Balance,Health Supplement,282,,,49.95,70,0.9,1.29,0,74705,1.24,0,0,2,1,https://triplebloodboost.com/v1,https://cdn.maxweb.com/productimages/6530/2/_iple_blood_bala_ce0h0wes_p_g_resized160.png,triple_blood_balance,2,Triple Blood Balance,https://affiliates-backoffice.maxweb.com/app#resources/6530/campaigns,https://affiliates-backoffice.maxweb.com/app#offer-details/6530/Triple%20Blood%20Balance,https://affiliates-backoffice.maxweb.com/app#sales-by-product/6530/Triple%20Blood%20Balance
6529,Triple Anti-Aging Cream,Skin/Beauty and Anti-Aging,294,,,49,90,1.94,2.15,0,128621,1.13,0,0,2,1,https://tripleantiaging.com/v1,https://cdn.maxweb.com/productimages/6529/2/_iple_a_i_agi_gxwjlzg_p_g_resized160.png,triple_aging,2,Triple Anti-Aging Cream,https://affiliates-backoffice.maxweb.com/app#resources/6529/campaigns,https://affiliates-backoffice.maxweb.com/app#offer-details/6529/Triple%20Anti-Aging%20Cream,https://affiliates-backoffice.maxweb.com/app#sales-by-product/6529/Triple%20Anti-Aging%20Cream
6522,New Organic Nuker,Fungus,390,,,69.99,80,0.51,0.64,0,2,0.26,0,0,2,1,https://new.organicfungusnuker.com/,https://cdn.maxweb.com/productimages/6522/2/myco_uke_yqqlia_jpeg_resized160.jpg,organic_nuker,2,New Organic Nuker,,,
6504,Gluconite,Diabetes,366,,,69,90,1.4,1.55,0,338600,0.95,0,0,2,0,https://gluconite.com/discover,https://cdn.maxweb.com/productimages/6504/2/gluco_i_ejwigeg_p_g_resized160.png,gluconite,2,Gluconite,https://affiliates-backoffice.maxweb.com/app#resources/6504/campaigns,https://affiliates-backoffice.maxweb.com/app#offer-details/6504/Gluconite,https://affiliates-backoffice.maxweb.com/app#sales-by-product/6504/Gluconite
6495,Alka Weightloss Secret,Diet and Fitness Digital,214,,,39,30,0.09,0.31,0,44951,0.12,0,0,2,1,https://alkaweightlosssecret.com/,https://cdn.maxweb.com/productimages/6495/2/alkaweigh_lossl1amyk_p_g_resized160.png,alka_weightloss,2,Alka Weightloss Secret,https://affiliates-backoffice.maxweb.com/app#resources/6495/campaigns,https://affiliates-backoffice.maxweb.com/app#offer-details/6495/Alka%20Weightloss%20Secret,https://affiliates-backoffice.maxweb.com/app#sales-by-product/6495/Alka%20Weightloss%20Secret
6494,Neuro Calm Pro,Tinnitus,378,,,69,80,0.98,1.22,0,73720,2,0,0,2,1,https://theneurocalmpro.com/video.php,https://cdn.maxweb.com/productimages/6494/2/_eu_ocalmp_o73366g_p_g_resized160.png,neurocalmpro,2,Neuro Calm Pro,https://affiliates-backoffice.maxweb.com/app#resources/6494/campaigns,https://affiliates-backoffice.maxweb.com/app#offer-details/6494/Neuro%20Calm%20Pro,https://affiliates-backoffice.maxweb.com/app#sales-by-product/6494/Neuro%20Calm%20Pro
6475,UltraZoom,Ecomm,262,,,64.95,35,0.65,1.85,0,18128,0.25,0,0,2,0,https://ultrazoomshop.com/?widipub_id=5a7f6e792fcedb64765c1e71&wtrd_offer_id=5f43a097da272e50d81e71d3&wtrd_offer_pids=5fb295e03798222a95484922&wtrd_offer_lids=5f43a1ef7021a31fad63dcc7,https://cdn.maxweb.com/productimages/6475/2/ul_azoom0vcyls_p_g_resized160.png,ultrazoom,2,UltraZoom,https://affiliates-backoffice.maxweb.com/app#resources/6475/campaigns,https://affiliates-backoffice.maxweb.com/app#offer-details/6475/UltraZoom,https://affiliates-backoffice.maxweb.com/app#sales-by-product/6475/UltraZoom
6474,ClearShield,Ecomm,262,,,27.95,15,0.3,2,0,1549,0.17,0,0,2,1,https://clearshieldshop.com/?widipub_id=5a7f6e792fcedb64765c1e71&wtrd_offer_id=5f86cf4e185323034e5c94e3&wtrd_offer_pids=5fa3ffe2851f3e287d3d1f76&wtrd_offer_lids=5f86d2bb2d6a9f511446e8e8,https://cdn.maxweb.com/productimages/6474/2/clea_shieldqsgwpj_p_g_resized160.png,clearshield,2,ClearShield,,,
6473,Breathing Training Pro,Ecomm,262,,,69.95,45,0.7,1.56,0,13095,0.23,0,0,2,1,https://breathingtrainerpro.com/?widipub_id=5a7f6e792fcedb64765c1e71&wtrd_offer_id=5f9b46140ebbe00b751475a3&wtrd_offer_pids=5fb2c43dc98ced43c4391213&wtrd_offer_lids=5f9b46ac99bbba2db0791f88,https://cdn.maxweb.com/productimages/6473/2/b_ea_hi_gd_bv3j_p_g_resized160.png,btp,2,Breathing Training Pro,,,
6461,Language of Desire,Dating,254,,,47,20,0.67,3.35,0,125611,0.26,0,0,2,1,https://languageofdesire.com/,https://cdn.maxweb.com/productimages/6461/2/la_guage0kl82_jpg_resized160.jpg,lod,2,Language of Desire,https://affiliates-backoffice.maxweb.com/app#resources/6461/campaigns,https://affiliates-backoffice.maxweb.com/app#offer-details/6461/Language%20of%20Desire,https://affiliates-backoffice.maxweb.com/app#sales-by-product/6461/Language%20of%20Desire
6460,Make Him Worship You,Dating,254,,,37,20,0.65,3.25,0,72607,0.44,0,0,2,1,https://hewillworshipyou.com/,https://cdn.maxweb.com/productimages/6460/2/makehim2j_i1l_p_g_resized160.png,mhwy,2,Make Him Worship You,https://affiliates-backoffice.maxweb.com/app#resources/6460/campaigns,https://affiliates-backoffice.maxweb.com/app#offer-details/6460/Make%20Him%20Worship%20You,https://affiliates-backoffice.maxweb.com/app#sales-by-product/6460/Make%20Him%20Worship%20You
6409,Nervogen Pro,Nerve Health,398,,,69,80,1.55,1.94,0,257477,4.22,0,0,2,1,https://thenervogen.com/text.php,https://cdn.maxweb.com/productimages/6409/3/_e_voge_p_omiig_p_p_g_resized160.png,nervogen_pro,3,Nervogen Pro,https://affiliates-backoffice.maxweb.com/app#resources/6409/campaigns,https://affiliates-backoffice.maxweb.com/app#offer-details/6409/Nervogen%20Pro,https://affiliates-backoffice.maxweb.com/app#sales-by-product/6409/Nervogen%20Pro
6397,Blood Sugar Blaster,Diabetes,366,,,69,125,2.28,1.82,0,894798,4.11,0,0,2,0,https://bloodsugarblaster.com/index-vsl-sc-1,https://cdn.maxweb.com/productimages/6397/3/bsbeaajv6_p_g_resized160.png,bloodsugar_blaster,3,Blood Sugar Blaster,https://affiliates-backoffice.maxweb.com/app#resources/6397/campaigns,https://affiliates-backoffice.maxweb.com/app#offer-details/6397/Blood%20Sugar%20Blaster,https://affiliates-backoffice.maxweb.com/app#sales-by-product/6397/Blood%20Sugar%20Blaster
6392,Flat Belly Tonic,Weight Loss,382,,,69,90,2.13,2.37,0,2667787,0.07,0,0,2,0,https://flatbellytonic.com/sp/vsl-1,https://cdn.maxweb.com/productimages/6392/3/fla_belly_o_icbjlc_i_p_g_resized160.png,flat_belly_tonic,3,Flat Belly Tonic,https://affiliates-backoffice.maxweb.com/app#resources/6392/campaigns,https://affiliates-backoffice.maxweb.com/app#offer-details/6392/Flat%20Belly%20Tonic,https://affiliates-backoffice.maxweb.com/app#sales-by-product/6392/Flat%20Belly%20Tonic
6383,Bio Fungus Nuker,Fungus,390,,,69,90,1.58,1.75,0,140750,1.92,0,0,2,1,https://biofungusnuker.com/,https://cdn.maxweb.com/productimages/6383/3/myco_uke_1_800x600lyqkyxewcdhk_p_g_resized160.png,bio_fungus_nuker,3,Bio Fungus Nuker,https://affiliates-backoffice.maxweb.com/app#resources/6383/campaigns,https://affiliates-backoffice.maxweb.com/app#offer-details/6383/Bio%20Fungus%20Nuker,https://affiliates-backoffice.maxweb.com/app#sales-by-product/6383/Bio%20Fungus%20Nuker
6343,ProstaStream,Men's Health,370,,,69,80,1.31,1.64,0,396374,0.27,0,0,2,1,https://theprostastream.com/video.php,https://cdn.maxweb.com/productimages/6343/3/p_os_as_eamv3mfw6_jpg_resized160.jpg,prostastream,3,ProstaStream,https://affiliates-backoffice.maxweb.com/app#resources/6343/campaigns,https://affiliates-backoffice.maxweb.com/app#offer-details/6343/ProstaStream,https://affiliates-backoffice.maxweb.com/app#sales-by-product/6343/ProstaStream
6329,CarboFix,Weight Loss,382,,,49,90,1.29,1.56,0,117273,0.27,0,0,2,0,https://thecarbofix.com/index-v2.php,https://cdn.maxweb.com/productimages/6329/3/ca_bofix1bo_leh8eels_p_g_resized160.png,carbofix,3,CarboFix,https://affiliates-backoffice.maxweb.com/app#resources/6329/campaigns,https://affiliates-backoffice.maxweb.com/app#offer-details/6329/CarboFix,https://affiliates-backoffice.maxweb.com/app#sales-by-product/6329/CarboFix
6326,Gum & Teeth Fortifier,Health Digital,246,,,50,50,0.78,1.55,0,20383,0.16,0,0,2,1,https://gumdisease-fix.com/,https://cdn.maxweb.com/productimages/6326/3/guma_d_ee_hdpzzxu_p_g_resized160.png,gum_teeth_fortifier,3,Gum & Teeth Fortifier,https://affiliates-backoffice.maxweb.com/app#resources/6326/campaigns,https://affiliates-backoffice.maxweb.com/app#offer-details/6326/Gum%20%26%20Teeth%20Fortifier,https://affiliates-backoffice.maxweb.com/app#sales-by-product/6326/Gum%20%26%20Teeth%20Fortifier
6321,ProMind Complex,Brain Health/Memory,414,,,69,80,1,1.25,0,249012,1.07,0,0,2,1,https://thepromindcomplex.com/video.php,https://cdn.maxweb.com/productimages/6321/3/p_omi_d4o4j5q_p_g_resized160.png,promind,3,ProMind Complex,https://affiliates-backoffice.maxweb.com/app#resources/6321/campaigns,https://affiliates-backoffice.maxweb.com/app#offer-details/6321/ProMind%20Complex,https://affiliates-backoffice.maxweb.com/app#sales-by-product/6321/ProMind%20Complex
6289,Steel Bite Pro,Dental/Gum Health,406,,,69,80,1,1.25,0,1305306,1.74,0,0,2,1,https://thesteelbitepro.com/video.php,https://cdn.maxweb.com/productimages/6289/3/s_eel_bi_e_xayod_p_g_resized160.png,steel_bite_pro,3,Steel Bite Pro,https://affiliates-backoffice.maxweb.com/app#resources/6289/campaigns,https://affiliates-backoffice.maxweb.com/app#offer-details/6289/Steel%20Bite%20Pro,https://affiliates-backoffice.maxweb.com/app#sales-by-product/6289/Steel%20Bite%20Pro
6260,SharpEar,Tinnitus,378,,,69,80,1.65,2.06,0,334290,16.13,0,0,2,1,https://sharpear101.com/video.php,https://cdn.maxweb.com/productimages/6260/3/sha_pea_kwqkbp_p_g_resized160.png,sharpear,3,SharpEar,https://affiliates-backoffice.maxweb.com/app#resources/6260/campaigns,https://affiliates-backoffice.maxweb.com/app#offer-details/6260/SharpEar,https://affiliates-backoffice.maxweb.com/app#sales-by-product/6260/SharpEar
6259,Pelvic Floor Strong,Health Digital,246,,,37,70,1.23,1.75,0,437136,36.76,0,0,2,0,https://pelvicfloorstrong.com/?hop=mweb1,https://cdn.maxweb.com/productimages/6259/3/pelvicujzsul_p_g_resized160.png,pelvic_floor,3,Pelvic Floor Strong,https://affiliates-backoffice.maxweb.com/app#resources/6259/campaigns,https://affiliates-backoffice.maxweb.com/app#offer-details/6259/Pelvic%20Floor%20Strong,https://affiliates-backoffice.maxweb.com/app#sales-by-product/6259/Pelvic%20Floor%20Strong
6218,Brain C-13,Brain Health/Memory,414,,,49,80,1.51,1.89,0,119991,0.37,0,0,2,0,https://betterbrainperformance.net/?afl=n,https://cdn.maxweb.com/productimages/6218/3/b_ai_c13bed_sc_p_g_resized160.png,brain_c13,3,Brain C-13,https://affiliates-backoffice.maxweb.com/app#resources/6218/campaigns,https://affiliates-backoffice.maxweb.com/app#offer-details/6218/Brain%20C-13,https://affiliates-backoffice.maxweb.com/app#sales-by-product/6218/Brain%20C-13
6059,Primal Grow,Men's Health,370,,,69,80,1,1.26,0,1221580,18.99,0,0,2,1,https://primalgrowpro24.com/video.php,https://cdn.maxweb.com/productimages/6059/3/pgp1_humbeimmfe_jpg_esized333hjiwuy_jpg_resized160.jpg,primal_grow,3,Primal Grow,https://affiliates-backoffice.maxweb.com/app#resources/6059/campaigns,https://affiliates-backoffice.maxweb.com/app#offer-details/6059/Primal%20Grow,https://affiliates-backoffice.maxweb.com/app#sales-by-product/6059/Primal%20Grow
6024,Vital Flow,Men's Health,370,,,59.94,80,1.46,1.83,0,158424,1.13,0,0,2,1,https://vitalflow.net,https://cdn.maxweb.com/productimages/6024/3/vif_humb1xoag_kc_9qk6_jpg_resized160.jpg,vital_flow,3,Vital Flow,https://affiliates-backoffice.maxweb.com/app#resources/6024/campaigns,https://affiliates-backoffice.maxweb.com/app#offer-details/6024/Vital%20Flow,https://affiliates-backoffice.maxweb.com/app#sales-by-product/6024/Vital%20Flow
5985,Keravita Pro,Fungus,390,,,69,0,1.34,1.92,0,105195,1.09,0,0,2,1,https://getkeravitapro.com/video.php,https://cdn.maxweb.com/productimages/5985/3/dsajvdvlv_jpg_resized160.jpg,keravita_pro,3,Keravita Pro,,,
5985,Keravita Pro,Fungus,390,,,69,70,1.34,1.92,0,105195,1.09,0,0,2,1,https://getkeravitapro.com/video.php,https://cdn.maxweb.com/productimages/5985/7/dsajvdvlvwbx95c_jpg_resized160.jpg,keravita_pro2,7,Keravita Pro,https://affiliates-backoffice.maxweb.com/app#resources/5985/campaigns,https://affiliates-backoffice.maxweb.com/app#offer-details/5985/Keravita%20Pro,https://affiliates-backoffice.maxweb.com/app#sales-by-product/5985/Keravita%20Pro
5928,Sonus Complete,Sleep and Dreams,286,,,69,70,1.37,1.82,0,3354769,3.43,0,0,2,1,http://sonuscomplete.com/get.php,https://cdn.maxweb.com/productimages/5928/3/soc_x1_humb76z6hg7owo8e_jpg_resized160.jpg,sonus_complete,3,Sonus Complete,https://affiliates-backoffice.maxweb.com/app#resources/5928/campaigns,https://affiliates-backoffice.maxweb.com/app#offer-details/5928/Sonus%20Complete,https://affiliates-backoffice.maxweb.com/app#sales-by-product/5928/Sonus%20Complete
5877,Copper Zen Socks,Ecomm,262,,,29.95,35,0.66,1.88,0,79840,0.34,0,0,2,0,https://copperzensocks.com/,https://cdn.maxweb.com/productimages/5877/3/czsocks_ekqls_jpg_resized160.jpg,copper_zen_socks,3,Copper Zen Socks,https://affiliates-backoffice.maxweb.com/app#resources/5877/campaigns,https://affiliates-backoffice.maxweb.com/app#offer-details/5877/Copper%20Zen%20Socks,https://affiliates-backoffice.maxweb.com/app#sales-by-product/5877/Copper%20Zen%20Socks
5872,The Fat Cell Killer System,Diet and Fitness Digital,214,,,37,40,0.74,1.84,0,74045,0.46,0,0,1,1,https://nutrathesis.com/fat-cell-killer/,https://cdn.maxweb.com/productimages/5872/2/bu_dle_wo_bo_uses2fjkyx_jpg_resized160.jpg,fat_cell_killer_system,2,The Fat Cell Killer System,https://affiliates-backoffice.maxweb.com/app#resources/5872/campaigns,https://affiliates-backoffice.maxweb.com/app#offer-details/5872/The%20Fat%20Cell%20Killer%20System,https://affiliates-backoffice.maxweb.com/app#sales-by-product/5872/The%20Fat%20Cell%20Killer%20System
5837,Memory Protocol Ebook ,Health Digital,246,,,49,35,0.64,1.82,0,33702,0.19,0,0,1,1,http://memory-protocol.com/get.php,https://cdn.maxweb.com/productimages/5837/2/mmp_humb69ve6uzi75b_jpg_resized160.jpg,memory_protocol,2,Memory Protocol Ebook ,https://affiliates-backoffice.maxweb.com/app#resources/5837/campaigns,https://affiliates-backoffice.maxweb.com/app#offer-details/5837/Memory%20Protocol%20Ebook%20,https://affiliates-backoffice.maxweb.com/app#sales-by-product/5837/Memory%20Protocol%20Ebook%20
5832,Ground Power Generator System,Survival,270,,,47,34,0.19,0.55,0,118191,0.1,0,0,2,1,http://www.groundpowergenerator.online/vslbg.html,https://cdn.maxweb.com/productimages/5832/2/g_ou_dboygoe_p_g_resized160.png,ground_power_generator,2,Ground Power Generator System,https://affiliates-backoffice.maxweb.com/app#resources/5832/campaigns,https://affiliates-backoffice.maxweb.com/app#offer-details/5832/Ground%20Power%20Generator%20System,https://affiliates-backoffice.maxweb.com/app#sales-by-product/5832/Ground%20Power%20Generator%20System
5771,Montezuma's Secret Email,Men's Health,370,,,69.99,135,2.18,2.08,0,112403,0.46,0,0,2,0,https://5hardeningfruits.com/v/dlandvsl-hf82c.php,https://cdn.maxweb.com/productimages/5771/2/mo_ezumag2ixwd_p_g_resized160.png,montezumasecret,2,Montezuma's Secret,https://affiliates-backoffice.maxweb.com/app#resources/5771/campaigns,https://affiliates-backoffice.maxweb.com/app#offer-details/5771/Montezuma's%20Secret%20Email,https://affiliates-backoffice.maxweb.com/app#sales-by-product/5771/Montezuma's%20Secret%20Email
5711,Evatac Taclite,Survival,270,,,0,13,0.27,2.06,0,58829,0.39,0,0,1,1,https://www.vipsurvivalacademy.com/bg/giveaway/tctltvsa,https://cdn.maxweb.com/productimages/5711/2/_acli_e15l_c8cq_p_g_resized160.png,evatac_taclite,2,Evatac Taclite,https://affiliates-backoffice.maxweb.com/app#resources/5711/campaigns,https://affiliates-backoffice.maxweb.com/app#offer-details/5711/Evatac%20Taclite,https://affiliates-backoffice.maxweb.com/app#sales-by-product/5711/Evatac%20Taclite
5624,Blood Sugar Premier,Diabetes,366,,,49,100,2.02,2.02,0,368529,2.79,0,0,2,0,https://yourhealthybloodsugar.net?afl=n,https://cdn.maxweb.com/productimages/5624/10/blood_suga_xe_szj_jpg_resized160.jpg,blood_sugar_premier,10,Blood Sugar Premier,https://affiliates-backoffice.maxweb.com/app#resources/5624/campaigns,https://affiliates-backoffice.maxweb.com/app#offer-details/5624/Blood%20Sugar%20Premier,https://affiliates-backoffice.maxweb.com/app#sales-by-product/5624/Blood%20Sugar%20Premier
5624,Longevity Activator,Skin/Beauty and Anti-Aging,294,,,49,90,1.87,2.08,0,440478,0.98,0,0,2,0,https://longevityactivator.net?afl=n,https://cdn.maxweb.com/productimages/5624/18/lo_gevi_y82gdmi_jpg_resized160.jpg,longevity_activator,18,Longevity Activator,https://affiliates-backoffice.maxweb.com/app#resources/5624/campaigns,https://affiliates-backoffice.maxweb.com/app#offer-details/5624/Longevity%20Activator,https://affiliates-backoffice.maxweb.com/app#sales-by-product/5624/Longevity%20Activator
5624,Omega Krill,Health Supplement,282,,,49,100,2.07,2.07,0,436327,0.84,0,0,2,0,https://trueomegahealth.net/?afl=n,https://cdn.maxweb.com/productimages/5624/22/omegazozud2_jpg_resized160.jpg,omega_krill,22,Omega Krill,https://affiliates-backoffice.maxweb.com/app#resources/5624/campaigns,https://affiliates-backoffice.maxweb.com/app#offer-details/5624/Omega%20Krill,https://affiliates-backoffice.maxweb.com/app#sales-by-product/5624/Omega%20Krill
5624,Joint N-11,Joint Supplement,462,,,49,90,1.76,1.95,0,725705,4.23,0,0,2,0,https://freedomfromyourjointpain.com/?afl=n,https://cdn.maxweb.com/productimages/5624/30/joi_11_bxkek_p_g_resized160.png,joint_n11,30,Joint N-11,https://affiliates-backoffice.maxweb.com/app#resources/5624/campaigns,https://affiliates-backoffice.maxweb.com/app#offer-details/5624/Joint%20N-11,https://affiliates-backoffice.maxweb.com/app#sales-by-product/5624/Joint%20N-11
5623,Organic Fungus Nuker,Fungus,390,,,69,80,1.56,1.95,0,109813,0.69,0,0,2,1,http://organicfungusnuker.com/,https://cdn.maxweb.com/productimages/5623/2/myco_uke_1_800x6003g_2q7_p_g_resized160.png,organic_fungus_nuker,2,Organic Fungus Nuker,https://affiliates-backoffice.maxweb.com/app#resources/5623/campaigns,https://affiliates-backoffice.maxweb.com/app#offer-details/5623/Organic%20Fungus%20Nuker,https://affiliates-backoffice.maxweb.com/app#sales-by-product/5623/Organic%20Fungus%20Nuker
5594,5G Male,Men's Health,370,,,69.95,100,2.12,2.12,0,351352,0.85,0,0,2,0,https://5gmale.com/,https://cdn.maxweb.com/productimages/5594/2/5gmalemmp_s_jpg_resized160.jpg,5g_male,2,5G Male,https://affiliates-backoffice.maxweb.com/app#resources/5594/campaigns,https://affiliates-backoffice.maxweb.com/app#offer-details/5594/5G%20Male,https://affiliates-backoffice.maxweb.com/app#sales-by-product/5594/5G%20Male
5594,FloraSpring,Weight Loss,382,,,49.95,70,1.55,2.22,0,228385,1,0,0,1,0,https://floraspring.com/z/aff_special20.php?a=1171,https://cdn.maxweb.com/productimages/5594/6/flo_asp_i_gpy8egx_jpeg_resized160.jpg,flora_spring,6,FloraSpring,,,
5561,Arctic Blast,Health Supplement,282,,,59.95,55,1.11,2.22,0,221097,15.97,0,0,2,0,http://getarcticblast.com/go/,https://cdn.maxweb.com/productimages/5561/10/a_c_ic_blas_s_zhja_jpg_resized160.jpg,arctic_blast,10,Arctic Blast,https://affiliates-backoffice.maxweb.com/app#resources/5561/campaigns,https://affiliates-backoffice.maxweb.com/app#offer-details/5561/Arctic%20Blast,https://affiliates-backoffice.maxweb.com/app#sales-by-product/5561/Arctic%20Blast
5561,GRSUltra,Health Supplement,282,,,49.95,50,1.06,2.11,0,66235,0.64,0,0,1,0,http://grsultra.com/go/,https://cdn.maxweb.com/productimages/5561/14/gs_ul_ajj8ki0_p_g_resized160.png,grs_ultra,14,GRSUltra,https://affiliates-backoffice.maxweb.com/app#resources/5561/campaigns,https://affiliates-backoffice.maxweb.com/app#offer-details/5561/GRSUltra,https://affiliates-backoffice.maxweb.com/app#sales-by-product/5561/GRSUltra
5561,Ultra Omega Burn ,Weight Loss,382,,,49.95,55,1.08,2.16,0,67829,1.81,0,0,1,0,https://ultraomegaburn.com/2/igo/indexmaxweb.php,https://cdn.maxweb.com/productimages/5561/2/ul_a_omega_bu_zb7oka_jpg_resized160.png,ultra_omega_burn,2,Ultra Omega Burn ,https://affiliates-backoffice.maxweb.com/app#resources/5561/campaigns,https://affiliates-backoffice.maxweb.com/app#offer-details/5561/Ultra%20Omega%20Burn%20,https://affiliates-backoffice.maxweb.com/app#sales-by-product/5561/Ultra%20Omega%20Burn%20